image_id,healthy,multiple_diseases,rust,scab
Test_0,0.02079202,0.09803755,0.8686942,0.012476253
Test_1,0.019241972,0.014271518,0.93531466,0.03117186
Test_2,0.0053884224,0.0039230515,0.013726267,0.9769622
Test_3,0.97975117,0.002118228,0.008857317,0.009273328
Test_4,0.026440512,0.01721357,0.9462758,0.010070046
Test_5,0.8755091,0.01944906,0.036867302,0.06817454
Test_6,0.9614697,0.0061036856,0.026165955,0.006260646
Test_7,0.009172088,0.051202312,0.031059088,0.9085665
Test_8,0.059440065,0.4326079,0.08844929,0.41950274
Test_9,0.014263345,0.037586935,0.89240795,0.055741783
Test_10,0.02535743,0.008236373,0.9436648,0.022741355
Test_11,0.9343971,0.018191177,0.029140474,0.018271293
Test_12,0.041872527,0.1933214,0.01531405,0.749492
Test_13,0.8548242,0.033274855,0.093344435,0.018556455
Test_14,0.05283634,0.046135332,0.88974035,0.011288022
Test_15,0.027803108,0.013830907,0.90555346,0.05281258
Test_16,0.90983224,0.027961774,0.046304915,0.015901051
Test_17,0.1308139,0.15790729,0.14068587,0.57059294
Test_18,0.0945236,0.22622503,0.065283045,0.6139683
Test_19,0.011258369,0.20309825,0.7679833,0.017660087
Test_20,0.027753042,0.0072575104,0.0116542345,0.95333517
Test_21,0.9054384,0.05454512,0.017481683,0.02253478
Test_22,0.03397494,0.04949363,0.8943803,0.022151139
Test_23,0.029374214,0.02411542,0.032705363,0.91380495
Test_24,0.9648536,0.027317384,0.0053372514,0.0024917668
Test_25,0.013882101,0.012676882,0.008746785,0.96469426
Test_26,0.329727,0.1653323,0.22728272,0.27765796
Test_27,0.012156197,0.019152418,0.9474708,0.021220507
Test_28,0.98211575,0.008068369,0.0055724466,0.0042434353
Test_29,0.14084789,0.6361873,0.06013586,0.16282892
Test_30,0.8858648,0.08633156,0.009110394,0.018693315
Test_31,0.06209615,0.062278334,0.82719415,0.048431423
Test_32,0.37507007,0.13266222,0.07200404,0.4202637
Test_33,0.012835132,0.0121283475,0.008735721,0.9663008
Test_34,0.01430513,0.0056238947,0.0061585708,0.97391236
Test_35,0.015651677,0.0050270623,0.02878784,0.95053345
Test_36,0.016049463,0.01975082,0.9493273,0.014872348
Test_37,0.03584432,0.0072361366,0.040124137,0.9167954
Test_38,0.019657424,0.012253343,0.019089878,0.9489994
Test_39,0.002318776,0.0069428966,0.97272545,0.0180129
Test_40,0.004369973,0.004223133,0.97837174,0.0130351875
Test_41,0.046971153,0.02043207,0.90428513,0.028311769
Test_42,0.016639102,0.015411214,0.009824704,0.95812494
Test_43,0.17833115,0.03397698,0.7641165,0.023575421
Test_44,0.07857346,0.6800981,0.1286946,0.11263374
Test_45,0.078868404,0.6648867,0.056585316,0.19965957
Test_46,0.14079256,0.48320544,0.004428492,0.37157345
Test_47,0.019152123,0.40630376,0.5618977,0.012646425
Test_48,0.033037476,0.015318909,0.9248891,0.026754566
Test_49,0.013602664,0.013682601,0.96156913,0.011145623
Test_50,0.015457038,0.06889415,0.9080565,0.0075922413
Test_51,0.044681333,0.03904794,0.88181096,0.034459688
Test_52,0.064389475,0.16568354,0.7283134,0.04161359
Test_53,0.0065305578,0.0041754693,0.9825628,0.006731283
Test_54,0.08702176,0.8361881,0.048316803,0.028473413
Test_55,0.011803464,0.029731918,0.019883245,0.9385814
Test_56,0.060153224,0.049722884,0.018607322,0.8715165
Test_57,0.714502,0.06364832,0.15006055,0.07178921
Test_58,0.04382416,0.018529154,0.020113206,0.9175335
Test_59,0.13212007,0.1447075,0.2237037,0.49946877
Test_60,0.0019473054,0.006450777,0.008162512,0.9834394
Test_61,0.9390605,0.026639096,0.016063033,0.018237386
Test_62,0.2389069,0.30668765,0.10312956,0.35127592
Test_63,0.21545474,0.18732746,0.0058036842,0.5914141
Test_64,0.48386624,0.026200878,0.31179795,0.17813486
Test_65,0.05735386,0.29462835,0.6182703,0.029747527
Test_66,0.9576141,0.017149756,0.019234972,0.0060010543
Test_67,0.01679661,0.013004788,0.95452714,0.015671458
Test_68,0.0042798817,0.8431362,0.0089026345,0.14368124
Test_69,0.06704675,0.042496722,0.876589,0.013867581
Test_70,0.016725242,0.037525646,0.082023606,0.86372554
Test_71,0.52289283,0.017073056,0.4433402,0.016693855
Test_72,0.061968602,0.068042584,0.018913206,0.8510756
Test_73,0.6728713,0.06468395,0.24753553,0.0149092795
Test_74,0.47428444,0.30413488,0.045984812,0.17559592
Test_75,0.123658694,0.18697548,0.18012011,0.5092457
Test_76,0.9692747,0.0049587684,0.02212081,0.0036456704
Test_77,0.0100616515,0.011578063,0.9638996,0.014460673
Test_78,0.006799519,0.02159828,0.004907085,0.96669513
Test_79,0.17679712,0.33423477,0.046233017,0.44273508
Test_80,0.054934625,0.42280677,0.31564492,0.20661369
Test_81,0.042375077,0.31510568,0.5835435,0.058975775
Test_82,0.028188167,0.120899186,0.37157834,0.47933435
Test_83,0.018867433,0.17589007,0.77077633,0.034466103
Test_84,0.060431343,0.0147228185,0.02018275,0.9046631
Test_85,0.051096816,0.040145535,0.10398629,0.8047713
Test_86,0.021658085,0.016342394,0.9514352,0.010564331
Test_87,0.3398138,0.5531905,0.07767766,0.029318023
Test_88,0.11809493,0.2715457,0.023084573,0.58727473
Test_89,0.66696656,0.046282835,0.15524061,0.13150997
Test_90,0.01631997,0.0736697,0.8703992,0.03961105
Test_91,0.94911975,0.0007330945,0.028086001,0.022061108
Test_92,0.81860125,0.040418852,0.12958479,0.011395096
Test_93,0.032534204,0.053069945,0.895804,0.018591817
Test_94,0.0056537846,0.008756753,0.010317977,0.9752714
Test_95,0.91387534,0.053807817,0.020790393,0.011526484
Test_96,0.018912483,0.042102844,0.017888501,0.92109615
Test_97,0.91135657,0.03321237,0.011097624,0.04433351
Test_98,0.015215239,0.12529811,0.034422267,0.8250644
Test_99,0.16048117,0.08844239,0.117367536,0.6337089
Test_100,0.021612901,0.0069146473,0.009304675,0.9621678
Test_101,0.6351681,0.0069466857,0.029969458,0.3279158
Test_102,0.054475043,0.016879702,0.03015015,0.8984951
Test_103,0.07914295,0.07810641,0.037166074,0.8055846
Test_104,0.02992921,0.022328552,0.023014849,0.9247274
Test_105,0.018263986,0.016173096,0.02099095,0.94457203
Test_106,0.9663404,0.015235281,0.012289805,0.006134606
Test_107,0.03684004,0.21618113,0.61825305,0.12872572
Test_108,0.0503344,0.05962783,0.042014915,0.8480228
Test_109,0.6020199,0.099922225,0.14416656,0.15389127
Test_110,0.8730952,0.0054195533,0.024217699,0.097267464
Test_111,0.7732073,0.016363911,0.014740314,0.19568843
Test_112,0.081292845,0.103115626,0.77714455,0.038446926
Test_113,0.11733913,0.3589677,0.031122152,0.492571
Test_114,0.1622128,0.42508453,0.06778566,0.34491697
Test_115,0.01857508,0.008956045,0.96300936,0.009459469
Test_116,0.20278293,0.17613785,0.3352316,0.2858476
Test_117,0.051440176,0.1391478,0.75923705,0.050175015
Test_118,0.033971146,0.05516754,0.8975613,0.013300044
Test_119,0.9602633,0.0035731855,0.0050537838,0.03110971
Test_120,0.009110927,0.019011997,0.9616535,0.010223703
Test_121,0.061799508,0.13063805,0.69425595,0.11330651
Test_122,0.076905474,0.051286403,0.8502506,0.021557558
Test_123,0.05538166,0.1709732,0.6873222,0.08632301
Test_124,0.011210766,0.031595267,0.02387266,0.9333213
Test_125,0.07753458,0.2628089,0.0435142,0.6161423
Test_126,0.92099696,0.025298122,0.030181943,0.023522943
Test_127,0.32096776,0.1738056,0.13303381,0.3721928
Test_128,0.01836755,0.057523128,0.76590204,0.15820725
Test_129,0.06694716,0.11686654,0.67219216,0.14399417
Test_130,0.021633428,0.023028662,0.032762304,0.9225756
Test_131,0.018831799,0.024109771,0.01446707,0.94259137
Test_132,0.93961054,0.009522607,0.04554086,0.0053260718
Test_133,0.024370281,0.27337512,0.01532518,0.68692946
Test_134,0.3784259,0.05679998,0.022704061,0.5420701
Test_135,0.026868327,0.10295911,0.7936879,0.076484695
Test_136,0.0021893356,0.0016429425,0.005050745,0.991117
Test_137,0.012367143,0.23865145,0.68518686,0.063794576
Test_138,0.015348701,0.008957191,0.969739,0.005955133
Test_139,0.9820889,0.00078570214,0.00834639,0.008779032
Test_140,0.28075123,0.01185121,0.40531173,0.30208582
Test_141,0.00690521,0.002372435,0.010916595,0.97980577
Test_142,0.0975382,0.03621674,0.024054972,0.84219015
Test_143,0.03269159,0.105916925,0.01785239,0.84353906
Test_144,0.97407573,0.018007105,0.002889769,0.005027322
Test_145,0.067017384,0.6192969,0.021863855,0.2918218
Test_146,0.023012795,0.03576495,0.88510704,0.05611526
Test_147,0.06962151,0.47822222,0.4006197,0.051536605
Test_148,0.96624595,0.0055200085,0.0054344283,0.022799643
Test_149,0.06354638,0.042725563,0.53388906,0.35983905
Test_150,0.078975074,0.20955,0.026062297,0.6854126
Test_151,0.0147246225,0.02105089,0.93349457,0.030729983
Test_152,0.110540815,0.33122468,0.37642795,0.1818066
Test_153,0.006323712,0.0032774962,0.009713392,0.98068535
Test_154,0.083240904,0.093322165,0.7742086,0.049228378
Test_155,0.042730745,0.09674294,0.78605604,0.07447025
Test_156,0.33382684,0.16626799,0.020785492,0.47911972
Test_157,0.6726742,0.07737498,0.118980706,0.13097017
Test_158,0.030971704,0.077285215,0.02171696,0.8700261
Test_159,0.20512262,0.07156667,0.6406761,0.08263458
Test_160,0.7214051,0.14992811,0.04605038,0.08261643
Test_161,0.1018162,0.18387085,0.045180667,0.66913223
Test_162,0.014200312,0.008838727,0.962537,0.014423934
Test_163,0.029371854,0.15164106,0.786917,0.032070205
Test_164,0.23915204,0.12580909,0.025385538,0.60965335
Test_165,0.02701675,0.019688817,0.009255037,0.94403946
Test_166,0.021616682,0.004804529,0.9372936,0.036285188
Test_167,0.121351965,0.036117624,0.79829973,0.04423064
Test_168,0.008232749,0.9627933,0.01731845,0.011655478
Test_169,0.12776513,0.20337212,0.65649325,0.012369487
Test_170,0.07520893,0.6103423,0.056328885,0.25811994
Test_171,0.013283749,0.0153643405,0.9552108,0.01614105
Test_172,0.039820485,0.090883344,0.85682106,0.012475128
Test_173,0.01665322,0.065479964,0.9030407,0.014826152
Test_174,0.03798281,0.07804991,0.034130797,0.8498364
Test_175,0.9028066,0.06667269,0.013708393,0.016812285
Test_176,0.018187396,0.020269701,0.89011776,0.07142505
Test_177,0.007042084,0.0058552218,0.012927101,0.97417563
Test_178,0.00839811,0.0062409453,0.007058119,0.9783028
Test_179,0.16893397,0.08304851,0.46775308,0.28026444
Test_180,0.044454373,0.27284843,0.64249676,0.04020042
Test_181,0.019810166,0.014279181,0.029179407,0.9367312
Test_182,0.03965688,0.0872021,0.82775456,0.045386437
Test_183,0.75909585,0.19315167,0.029969927,0.017782625
Test_184,0.52055794,0.018594576,0.019486949,0.44136056
Test_185,0.00667583,0.019563956,0.009703795,0.96405643
Test_186,0.04494286,0.09905498,0.013152766,0.84284943
Test_187,0.0055954414,0.020110643,0.9586317,0.015662184
Test_188,0.023621827,0.024986196,0.9217128,0.029679088
Test_189,0.9313652,0.0071668336,0.0457375,0.015730426
Test_190,0.05681227,0.752018,0.14880595,0.04236385
Test_191,0.06397772,0.06134678,0.8658914,0.008784064
Test_192,0.29044572,0.2661378,0.37973857,0.06367796
Test_193,0.020900343,0.02248858,0.92953765,0.027073476
Test_194,0.030186428,0.2769123,0.6691613,0.023739919
Test_195,0.3585427,0.5735094,0.05303303,0.014914894
Test_196,0.12502337,0.10615777,0.086982556,0.68183637
Test_197,0.027393702,0.07295226,0.8381621,0.061491985
Test_198,0.20766114,0.107300065,0.014864038,0.6701747
Test_199,0.028107993,0.34009263,0.6116328,0.020166498
Test_200,0.087158404,0.2908493,0.5976589,0.024333362
Test_201,0.026716039,0.02531895,0.011694191,0.9362708
Test_202,0.08862941,0.17403708,0.43264303,0.30469048
Test_203,0.073713675,0.1878213,0.7022846,0.03618043
Test_204,0.041689113,0.16053537,0.07098486,0.72679067
Test_205,0.034921467,0.005183964,0.01816463,0.9417299
Test_206,0.0037335036,0.0012144608,0.007260046,0.98779196
Test_207,0.01602257,0.039079573,0.8986142,0.046283677
Test_208,0.2912714,0.1430677,0.13413742,0.43152344
Test_209,0.07259315,0.40291992,0.49102336,0.03346354
Test_210,0.011945813,0.06231713,0.022869287,0.9028678
Test_211,0.01837311,0.9322919,0.021861264,0.027473776
Test_212,0.007106294,0.0018438573,0.9854612,0.0055886987
Test_213,0.0380228,0.5924579,0.28867042,0.08084878
Test_214,0.07491774,0.109698795,0.7875523,0.027831161
Test_215,0.19602458,0.6383611,0.009177149,0.15643711
Test_216,0.98821867,0.0037369407,0.006041268,0.0020031724
Test_217,0.0052522593,0.023061177,0.024050185,0.94763637
Test_218,0.93516314,0.007903324,0.025043236,0.031890336
Test_219,0.026204463,0.026287762,0.9353127,0.0121951355
Test_220,0.012231006,0.004108894,0.02053315,0.9631269
Test_221,0.21904212,0.73740053,0.010406067,0.03315125
Test_222,0.043653157,0.024643132,0.8925637,0.039139993
Test_223,0.019500995,0.03481524,0.9187412,0.026942572
Test_224,0.6803889,0.07442366,0.20933872,0.035848625
Test_225,0.95433617,0.011519299,0.016039886,0.018104712
Test_226,0.066026896,0.11820964,0.7939342,0.021829246
Test_227,0.017306162,0.010006262,0.018530574,0.95415705
Test_228,0.01342018,0.005278564,0.9768736,0.0044276672
Test_229,0.019675434,0.019088717,0.9296792,0.031556606
Test_230,0.057180148,0.062129103,0.04084486,0.83984596
Test_231,0.024333406,0.03759642,0.01600506,0.9220651
Test_232,0.981105,0.005209054,0.009822499,0.0038634872
Test_233,0.91396356,0.007876506,0.07109946,0.0070604547
Test_234,0.048228532,0.09617182,0.06959203,0.7860076
Test_235,0.009536979,0.020608108,0.01680343,0.9530515
Test_236,0.12526222,0.26126018,0.55701756,0.056460105
Test_237,0.05420624,0.16186944,0.03963877,0.74428564
Test_238,0.0221093,0.361738,0.59757113,0.01858157
Test_239,0.033531006,0.029093152,0.93151414,0.005861772
Test_240,0.012828901,0.030617556,0.93428963,0.02226398
Test_241,0.037099227,0.26556453,0.31413618,0.38320002
Test_242,0.0786484,0.020208444,0.0045689535,0.8965742
Test_243,0.9538498,0.0050102347,0.031068357,0.010071654
Test_244,0.029205248,0.12471219,0.052858062,0.7932245
Test_245,0.0785355,0.30849785,0.5608038,0.05216288
Test_246,0.054833807,0.010887417,0.007288082,0.92699075
Test_247,0.0073977555,0.0016155773,0.0048896177,0.98609704
Test_248,0.03237314,0.8203664,0.024652252,0.12260824
Test_249,0.0041737575,0.041810103,0.83192194,0.12209425
Test_250,0.9361291,0.05926316,0.0018142273,0.0027935137
Test_251,0.8091305,0.014003672,0.038608782,0.13825704
Test_252,0.32682452,0.06884146,0.45352936,0.15080471
Test_253,0.22003664,0.16796817,0.018817922,0.59317726
Test_254,0.057449143,0.105458975,0.012036117,0.8250557
Test_255,0.07599786,0.19114022,0.010051842,0.7228101
Test_256,0.02945381,0.0150876725,0.008243176,0.9472153
Test_257,0.027459944,0.0059575075,0.95229125,0.014291317
Test_258,0.066045985,0.50375473,0.31817988,0.11201934
Test_259,0.51286745,0.032246705,0.33700427,0.117881574
Test_260,0.10171672,0.021386148,0.046484116,0.830413
Test_261,0.04463901,0.017142776,0.88442373,0.053794418
Test_262,0.14095756,0.21388768,0.09495844,0.55019635
Test_263,0.7781053,0.022751598,0.0071521197,0.19199088
Test_264,0.9680799,0.01810722,0.0030215906,0.010791218
Test_265,0.008470388,0.0071711964,0.95776623,0.026592238
Test_266,0.02785664,0.006209589,0.013235873,0.95269793
Test_267,0.9702191,0.0044667562,0.0060106777,0.019303482
Test_268,0.02253484,0.71068865,0.16695897,0.09981752
Test_269,0.80126405,0.037695847,0.109086536,0.05195358
Test_270,0.0629933,0.02624029,0.005425576,0.9053409
Test_271,0.3374987,0.15335311,0.0854164,0.42373177
Test_272,0.015344852,0.2348172,0.6705671,0.0792708
Test_273,0.9048609,0.051104873,0.018113336,0.025920829
Test_274,0.009040312,0.0013232937,0.9591633,0.03047305
Test_275,0.07852223,0.35208407,0.5228935,0.04650017
Test_276,0.01275598,0.011039381,0.0168002,0.9594044
Test_277,0.4027465,0.17946096,0.07897702,0.3388155
Test_278,0.043652058,0.012859495,0.041087486,0.90240103
Test_279,0.030165305,0.031024233,0.91533494,0.023475563
Test_280,0.013461334,0.008399244,0.0073188003,0.97082067
Test_281,0.012261525,0.014237515,0.007970938,0.96553004
Test_282,0.008838316,0.9719377,0.005601541,0.013622373
Test_283,0.056484867,0.743679,0.14661795,0.05321831
Test_284,0.05036374,0.039091278,0.86952764,0.041017346
Test_285,0.06364375,0.048916634,0.018252056,0.86918753
Test_286,0.0127104875,0.017137269,0.0076120463,0.9625402
Test_287,0.124727376,0.12903272,0.13812806,0.6081119
Test_288,0.004390254,0.026091607,0.039823823,0.92969435
Test_289,0.009949814,0.006499808,0.005614139,0.97793627
Test_290,0.025867533,0.101784885,0.8652326,0.0071150847
Test_291,0.00916019,0.052354142,0.93436486,0.0041207653
Test_292,0.8316108,0.006436832,0.10919018,0.052762263
Test_293,0.015107112,0.021655794,0.95587444,0.0073626186
Test_294,0.02707555,0.009347927,0.91341084,0.05016564
Test_295,0.08593959,0.059014913,0.8035153,0.051530305
Test_296,0.44654545,0.10438124,0.036086403,0.41298702
Test_297,0.010637721,0.021155633,0.006881656,0.96132493
Test_298,0.029338624,0.08587911,0.74637866,0.13840365
Test_299,0.014847719,0.2474179,0.27221265,0.46552175
Test_300,0.072059944,0.037705023,0.01386413,0.87637085
Test_301,0.7277132,0.09909427,0.047810767,0.12538163
Test_302,0.019112388,0.06778825,0.006489974,0.90660936
Test_303,0.7069494,0.11941906,0.06640184,0.10722965
Test_304,0.83224505,0.016823214,0.0451754,0.10575644
Test_305,0.77701616,0.15762934,0.01997194,0.045382615
Test_306,0.032490846,0.042231463,0.035893917,0.88938373
Test_307,0.85258824,0.053423848,0.04978434,0.044203505
Test_308,0.05141877,0.7101609,0.032255698,0.20616467
Test_309,0.16451922,0.24299528,0.45781487,0.13467063
Test_310,0.042198714,0.26657388,0.5951861,0.09604122
Test_311,0.022576224,0.70921797,0.20284738,0.06535837
Test_312,0.0052361214,0.0010493377,0.0075113927,0.9862031
Test_313,0.0050491467,0.006540465,0.0043568895,0.98405343
Test_314,0.008187324,0.021761147,0.025572129,0.9444794
Test_315,0.08015547,0.033741675,0.018862784,0.86724
Test_316,0.004679661,0.008536062,0.9737127,0.01307167
Test_317,0.008508256,0.0129672075,0.9503756,0.028148899
Test_318,0.08471451,0.35928324,0.02449733,0.531505
Test_319,0.0175024,0.008095772,0.9551322,0.019269614
Test_320,0.042519595,0.017354416,0.9170226,0.0231034
Test_321,0.557468,0.39801553,0.026874518,0.01764196
Test_322,0.8887495,0.03435975,0.057654243,0.019236462
Test_323,0.36387432,0.14752188,0.43592605,0.052677654
Test_324,0.053525,0.030977892,0.8971657,0.018331403
Test_325,0.0115121715,0.003053402,0.009071372,0.97636306
Test_326,0.02964881,0.032674335,0.9071614,0.030515373
Test_327,0.01801415,0.011842846,0.00985649,0.96028656
Test_328,0.02376194,0.013164305,0.9517198,0.011353883
Test_329,0.03259486,0.13497008,0.787391,0.045044053
Test_330,0.07178343,0.17814347,0.69111216,0.05896101
Test_331,0.12468354,0.526092,0.18077241,0.16845213
Test_332,0.50654876,0.09733966,0.0750715,0.32104006
Test_333,0.0469218,0.5598503,0.29844332,0.09478464
Test_334,0.014851957,0.0055633364,0.9653087,0.014276014
Test_335,0.94068825,0.0067339283,0.045094937,0.0074829524
Test_336,0.65158814,0.19703233,0.11959735,0.03178215
Test_337,0.8498094,0.00721713,0.015421069,0.12755246
Test_338,0.8158733,0.0059324126,0.036589704,0.14160456
Test_339,0.017583799,0.15294278,0.80214584,0.027327564
Test_340,0.5453963,0.053086516,0.36795405,0.033563085
Test_341,0.98000723,0.0056150504,0.008679791,0.005697908
Test_342,0.9660763,0.020455716,0.011137883,0.002330072
Test_343,0.5324341,0.18438655,0.017538056,0.2656412
Test_344,0.016932964,0.010178006,0.9596953,0.013193848
Test_345,0.04369883,0.21052133,0.714274,0.031505838
Test_346,0.03959466,0.0147431595,0.93832797,0.0073341173
Test_347,0.08111499,0.056941047,0.77916855,0.082775444
Test_348,0.0011524042,0.0019317996,0.0030361807,0.99387956
Test_349,0.016544325,0.13495214,0.22342382,0.6250797
Test_350,0.15576857,0.034067772,0.020263487,0.7899002
Test_351,0.014035609,0.0029861657,0.9756,0.007378211
Test_352,0.018489748,0.14254189,0.043496706,0.79547167
Test_353,0.021996452,0.20775606,0.44224223,0.32800525
Test_354,0.00951934,0.003961475,0.97981,0.006709148
Test_355,0.031439226,0.36618346,0.012628384,0.589749
Test_356,0.949146,0.026650522,0.015427905,0.008775544
Test_357,0.98112446,0.007534999,0.0055886097,0.0057519516
Test_358,0.10310426,0.7071748,0.15635398,0.033366986
Test_359,0.011319278,0.020119764,0.032625724,0.93593526
Test_360,0.050163575,0.057709735,0.03409186,0.8580348
Test_361,0.9337149,0.013344767,0.042378534,0.010561735
Test_362,0.94502854,0.0106636435,0.024385497,0.019922309
Test_363,0.03835373,0.18137428,0.759153,0.02111898
Test_364,0.06064514,0.16436832,0.73880905,0.03617752
Test_365,0.0072397594,0.016791899,0.9707078,0.0052606366
Test_366,0.19072604,0.22429171,0.5540441,0.030938163
Test_367,0.01900368,0.040546324,0.029261516,0.9111885
Test_368,0.87247384,0.08974018,0.029600395,0.008185688
Test_369,0.014090971,0.01969757,0.01248391,0.95372754
Test_370,0.008070571,0.013026478,0.9662093,0.01269369
Test_371,0.022954741,0.03767542,0.9272795,0.012090394
Test_372,0.016575933,0.009430856,0.0110797575,0.9629134
Test_373,0.022825757,0.1680853,0.80071634,0.008372562
Test_374,0.060893476,0.015017612,0.87708724,0.047001727
Test_375,0.0060194535,0.0059435177,0.01069161,0.97734547
Test_376,0.48776,0.056683306,0.40318432,0.05237232
Test_377,0.9226712,0.008564155,0.05107167,0.01769304
Test_378,0.011368833,0.007696294,0.9599784,0.02095648
Test_379,0.0315136,0.04664236,0.78122914,0.14061487
Test_380,0.026908401,0.030670395,0.031985737,0.9104354
Test_381,0.27559617,0.30767503,0.34575945,0.07096929
Test_382,0.0026001686,0.014933741,0.002795027,0.97967106
Test_383,0.9330346,0.05592375,0.0024571181,0.008584565
Test_384,0.019407487,0.003825528,0.95827425,0.018492775
Test_385,0.012365291,0.019133043,0.04301184,0.9254898
Test_386,0.014151767,0.5022889,0.38025993,0.10329949
Test_387,0.005633959,0.027656944,0.04297733,0.9237318
Test_388,0.63135374,0.19837348,0.015515067,0.15475766
Test_389,0.84806645,0.07288315,0.0552439,0.023806555
Test_390,0.58649135,0.019451182,0.016866507,0.37719098
Test_391,0.06596999,0.089643486,0.8155382,0.02884831
Test_392,0.014856185,0.024770336,0.94229525,0.018078174
Test_393,0.01510082,0.033047706,0.048107613,0.9037438
Test_394,0.004053698,0.006936095,0.0067424183,0.9822678
Test_395,0.026969438,0.18140103,0.78489816,0.0067312773
Test_396,0.045578368,0.49943438,0.03380488,0.42118242
Test_397,0.11889556,0.022614187,0.07596771,0.78252256
Test_398,0.05640871,0.035074167,0.8671644,0.0413527
Test_399,0.2524396,0.062317744,0.012313105,0.6729296
Test_400,0.04606098,0.105950706,0.8049708,0.04301749
Test_401,0.05523615,0.034973353,0.8252771,0.08451345
Test_402,0.011850962,0.012251057,0.017764362,0.9581336
Test_403,0.017351294,0.83930427,0.13951048,0.0038339722
Test_404,0.011469509,0.0050598294,0.008824087,0.9746466
Test_405,0.03063365,0.034695532,0.0028521575,0.93181866
Test_406,0.016289482,0.00850884,0.013557309,0.9616443
Test_407,0.0033515247,0.00658765,0.0046987943,0.98536205
Test_408,0.04317201,0.027765272,0.13333675,0.79572594
Test_409,0.04288672,0.055296667,0.8766785,0.025138047
Test_410,0.004171617,0.038436476,0.017022802,0.9403691
Test_411,0.9439337,0.0064225905,0.039598502,0.010045122
Test_412,0.021903336,0.41308385,0.4247423,0.14027047
Test_413,0.7681133,0.03251911,0.10407981,0.09528774
Test_414,0.023888571,0.016670803,0.93679786,0.022642797
Test_415,0.16873987,0.09241668,0.68873215,0.05011132
Test_416,0.13077559,0.11969186,0.08907783,0.6604547
Test_417,0.0059868493,0.001089222,0.97490376,0.018020213
Test_418,0.96639556,0.009446492,0.015990755,0.008167279
Test_419,0.91842467,0.001979831,0.07808642,0.0015091205
Test_420,0.06697309,0.5337751,0.35870978,0.040541973
Test_421,0.002917217,0.005756431,0.009917124,0.9814092
Test_422,0.038647674,0.5110758,0.020747306,0.42952922
Test_423,0.066307575,0.08536957,0.8314014,0.01692144
Test_424,0.02574626,0.04337025,0.89964503,0.03123842
Test_425,0.35525152,0.24175829,0.073633164,0.32935706
Test_426,0.04494046,0.012283038,0.93062466,0.012151798
Test_427,0.008650571,0.005045833,0.022858089,0.9634455
Test_428,0.011225816,0.009686714,0.009180156,0.9699073
Test_429,0.012136147,0.04107611,0.9012706,0.045517087
Test_430,0.02615294,0.10782025,0.846004,0.020022802
Test_431,0.64257675,0.043514904,0.18737751,0.12653087
Test_432,0.0156379,0.08675399,0.017565003,0.88004315
Test_433,0.007952958,0.0052412064,0.022512512,0.9642933
Test_434,0.0087507665,0.050932124,0.009434156,0.93088293
Test_435,0.88634926,0.010973788,0.052879687,0.049797293
Test_436,0.034993652,0.08634621,0.12973182,0.7489283
Test_437,0.17989416,0.63343525,0.10177746,0.08489304
Test_438,0.045059297,0.3104153,0.55243015,0.092095226
Test_439,0.16504392,0.2561248,0.39379898,0.18503232
Test_440,0.009634514,0.022411859,0.94325465,0.024698887
Test_441,0.52268994,0.30953237,0.032354783,0.1354229
Test_442,0.034272823,0.011646514,0.93063426,0.02344633
Test_443,0.06183695,0.14964865,0.008230934,0.7802835
Test_444,0.9095382,0.008024251,0.06928511,0.013152461
Test_445,0.109721854,0.032550726,0.77868325,0.07904416
Test_446,0.043353677,0.013999484,0.84357876,0.099068105
Test_447,0.025041943,0.0103274975,0.9342021,0.0304284
Test_448,0.0034953768,0.0032708012,0.9849141,0.008319721
Test_449,0.015376058,0.01545132,0.059677307,0.9094953
Test_450,0.025704144,0.008410877,0.95243126,0.013453675
Test_451,0.03298448,0.14064406,0.75145674,0.07491466
Test_452,0.04391105,0.28914595,0.6127201,0.05422291
Test_453,0.023568762,0.023707267,0.032183234,0.92054075
Test_454,0.31916863,0.072869405,0.37644,0.23152195
Test_455,0.008798505,0.0050723315,0.011932542,0.97419655
Test_456,0.011315475,0.23176004,0.7437598,0.013164693
Test_457,0.01609069,0.031289417,0.021993365,0.9306265
Test_458,0.7898919,0.021824406,0.031754326,0.15652938
Test_459,0.0047632977,0.020909179,0.9596842,0.014643361
Test_460,0.39677274,0.06802913,0.13020444,0.40499368
Test_461,0.028111724,0.032930188,0.041062403,0.89789563
Test_462,0.04971753,0.5785119,0.100726835,0.2710438
Test_463,0.007942404,0.111803986,0.03947753,0.8407761
Test_464,0.9718204,0.0032288944,0.011269948,0.013680718
Test_465,0.019560738,0.0049893884,0.9461779,0.02927199
Test_466,0.025930904,0.036115937,0.83229375,0.10565939
Test_467,0.008975201,0.01671883,0.0054597068,0.96884626
Test_468,0.9135854,0.068114184,0.005249838,0.0130507
Test_469,0.20389454,0.40076858,0.36956605,0.025770837
Test_470,0.1201865,0.54725444,0.027668502,0.30489054
Test_471,0.1277679,0.2675946,0.56982684,0.034810614
Test_472,0.9491673,0.0053071855,0.032345187,0.0131803835
Test_473,0.198152,0.44741544,0.30991563,0.044516966
Test_474,0.013372734,0.03844106,0.9157839,0.032402243
Test_475,0.045238864,0.016521504,0.004375626,0.933864
Test_476,0.08222548,0.077055335,0.028319407,0.8123998
Test_477,0.019961618,0.009116809,0.01799863,0.9529229
Test_478,0.010929429,0.019790638,0.0129157975,0.9563641
Test_479,0.48861676,0.021870378,0.027351353,0.46216148
Test_480,0.083187275,0.5828161,0.24378574,0.090210795
Test_481,0.007598889,0.44684905,0.016974512,0.52857757
Test_482,0.016282031,0.02911102,0.011993898,0.94261307
Test_483,0.057136845,0.018403018,0.91530097,0.009159218
Test_484,0.89703417,0.042428676,0.027258914,0.033278264
Test_485,0.9378756,0.0047561456,0.034446873,0.022921367
Test_486,0.01546385,0.007530961,0.006883856,0.9701213
Test_487,0.8138926,0.121863626,0.040422518,0.023821259
Test_488,0.008661167,0.017065724,0.94967043,0.024602689
Test_489,0.045650188,0.2492044,0.6721361,0.033009287
Test_490,0.2401106,0.42040053,0.27281266,0.06667631
Test_491,0.018856501,0.0036133528,0.96821713,0.00931302
Test_492,0.04463381,0.042175986,0.0070139826,0.9061762
Test_493,0.007460365,0.022606714,0.010780818,0.9591521
Test_494,0.020667313,0.018310225,0.94097143,0.02005102
Test_495,0.0119808,0.0046780235,0.010919301,0.9724219
Test_496,0.9806238,0.0030191813,0.009632492,0.0067245634
Test_497,0.038726784,0.010756666,0.0120233875,0.9384932
Test_498,0.8571668,0.024434973,0.023706326,0.09469201
Test_499,0.12697355,0.055854537,0.74545765,0.07171427
Test_500,0.01853215,0.006141917,0.9646618,0.010664226
Test_501,0.90237445,0.050413746,0.01586339,0.031348497
Test_502,0.5164839,0.2880286,0.15832835,0.037159078
Test_503,0.03141438,0.01481738,0.9375422,0.0162261
Test_504,0.11250006,0.13271938,0.055123426,0.69965714
Test_505,0.12877093,0.10987504,0.05495269,0.70640135
Test_506,0.053287726,0.82525814,0.09571733,0.025736824
Test_507,0.14489056,0.03410505,0.68568754,0.1353169
Test_508,0.012930248,0.008115283,0.9518406,0.027113939
Test_509,0.016203254,0.017605651,0.95375556,0.012435604
Test_510,0.012943155,0.114295796,0.86583304,0.0069279717
Test_511,0.010073486,0.023883505,0.017593402,0.9484496
Test_512,0.9265041,0.0019605309,0.046614725,0.024920626
Test_513,0.15194328,0.28756437,0.23606806,0.3244243
Test_514,0.81623954,0.11450249,0.0048630266,0.064394936
Test_515,0.024371402,0.020673646,0.9330231,0.021931889
Test_516,0.014724885,0.056925435,0.8881568,0.040192857
Test_517,0.008740167,0.0076830992,0.012051853,0.97152483
Test_518,0.031436868,0.260787,0.60133564,0.10644047
Test_519,0.0041717887,0.062911175,0.0034652958,0.92945176
Test_520,0.054784637,0.7810478,0.10275176,0.06141583
Test_521,0.7967795,0.06054019,0.014751136,0.12792912
Test_522,0.03478151,0.08174282,0.8668848,0.01659085
Test_523,0.015355157,0.018110473,0.9361754,0.030358966
Test_524,0.009924384,0.004278858,0.9749606,0.010836124
Test_525,0.6547956,0.32860944,0.0074175913,0.009177409
Test_526,0.03368496,0.11753484,0.76891553,0.0798646
Test_527,0.032800406,0.45279562,0.4886335,0.025770487
Test_528,0.040259995,0.028133469,0.84745127,0.08415523
Test_529,0.13084763,0.04534133,0.020901166,0.80290985
Test_530,0.9597024,0.0069850464,0.008047594,0.025264902
Test_531,0.045127448,0.020512583,0.8985871,0.03577291
Test_532,0.01835022,0.0042867977,0.90248257,0.07488036
Test_533,0.008684161,0.037319224,0.0036627697,0.95033383
Test_534,0.01023782,0.02322954,0.009177123,0.95735544
Test_535,0.0071456176,0.009032907,0.972223,0.011598483
Test_536,0.44020957,0.27709496,0.15590174,0.12679365
Test_537,0.07942621,0.08477297,0.7778756,0.05792531
Test_538,0.00340748,0.005001621,0.00915458,0.9824363
Test_539,0.07688137,0.015475161,0.89240825,0.01523524
Test_540,0.03768506,0.027523061,0.9224075,0.012384432
Test_541,0.5957685,0.09778032,0.2682718,0.038179304
Test_542,0.9824938,0.0026127584,0.0066103013,0.008283082
Test_543,0.03940374,0.19734327,0.5656204,0.19763255
Test_544,0.029637499,0.024498472,0.9139276,0.031936433
Test_545,0.017912408,0.17262448,0.7461942,0.063269004
Test_546,0.030195892,0.42175502,0.007033431,0.54101557
Test_547,0.0064157858,0.012488111,0.97571987,0.0053763175
Test_548,0.048715804,0.023932781,0.90378976,0.023561737
Test_549,0.0013112332,0.0023306878,0.004207984,0.99215007
Test_550,0.021085396,0.023706947,0.018355124,0.9368526
Test_551,0.96752095,0.005521897,0.010008633,0.016948536
Test_552,0.15309945,0.41479805,0.3800829,0.052019566
Test_553,0.005987546,0.0018822259,0.013296929,0.97883326
Test_554,0.17922391,0.38600403,0.065363824,0.36940828
Test_555,0.0982421,0.1511883,0.004757802,0.7458118
Test_556,0.9687576,0.016749984,0.010041019,0.0044513256
Test_557,0.063472666,0.84697723,0.054931015,0.034619194
Test_558,0.20618235,0.2416408,0.42089525,0.13128164
Test_559,0.9163111,0.038760126,0.034354243,0.010574462
Test_560,0.023692397,0.022008391,0.93536377,0.018935401
Test_561,0.098454826,0.41603106,0.45647475,0.029039316
Test_562,0.012208156,0.44793287,0.53715354,0.0027054502
Test_563,0.05909853,0.7220799,0.19567825,0.023143318
Test_564,0.046984404,0.50760245,0.36525545,0.08015766
Test_565,0.06458141,0.18600766,0.703358,0.046052948
Test_566,0.040717073,0.31808272,0.6227758,0.018424453
Test_567,0.04388415,0.10430047,0.026204424,0.8256109
Test_568,0.019602748,0.031876713,0.93168783,0.016832743
Test_569,0.17709768,0.084827304,0.21996486,0.5181101
Test_570,0.18215851,0.044628963,0.047996923,0.7252156
Test_571,0.033501804,0.3484156,0.54974294,0.06833963
Test_572,0.095067404,0.1742591,0.016455833,0.71421766
Test_573,0.027788531,0.1423676,0.015361278,0.8144826
Test_574,0.065658,0.0053793495,0.011841733,0.91712093
Test_575,0.70776135,0.024006337,0.06163248,0.20659983
Test_576,0.5608725,0.12473577,0.039034836,0.27535683
Test_577,0.02911962,0.033861917,0.049088705,0.88792974
Test_578,0.08630662,0.1333809,0.08127575,0.69903666
Test_579,0.016451137,0.81542945,0.026833536,0.14128587
Test_580,0.0109174205,0.020657014,0.9196134,0.048812147
Test_581,0.93846047,0.035238396,0.0065944795,0.019706717
Test_582,0.016255716,0.2526732,0.6878438,0.043227285
Test_583,0.8556468,0.06401287,0.023780117,0.056560166
Test_584,0.031438272,0.0035443252,0.8861021,0.0789153
Test_585,0.026888307,0.0067025335,0.92901623,0.03739286
Test_586,0.80545473,0.038527332,0.076733075,0.07928489
Test_587,0.022370312,0.020590896,0.9453065,0.011732339
Test_588,0.05884335,0.09171871,0.77548766,0.07395039
Test_589,0.019823533,0.17586753,0.620316,0.18399288
Test_590,0.020837856,0.072218135,0.87829477,0.028649349
Test_591,0.10781818,0.034255248,0.816364,0.041562535
Test_592,0.7551855,0.011704475,0.10802558,0.12508453
Test_593,0.0124079995,0.00197718,0.9773028,0.008312054
Test_594,0.6321042,0.16162595,0.12134815,0.08492173
Test_595,0.007434938,0.0058700438,0.01765354,0.96904147
Test_596,0.5892572,0.3051061,0.06972684,0.035909835
Test_597,0.025470426,0.014385619,0.009028702,0.95111525
Test_598,0.19724126,0.5361573,0.2404879,0.026113566
Test_599,0.034174815,0.7785751,0.010121806,0.17712836
Test_600,0.025308834,0.051734217,0.916004,0.0069529177
Test_601,0.012651892,0.063565105,0.008661609,0.91512144
Test_602,0.028914638,0.014376825,0.02637855,0.93033004
Test_603,0.049174663,0.046240453,0.050636634,0.8539483
Test_604,0.15623473,0.35156506,0.41831005,0.07389021
Test_605,0.839725,0.107596375,0.042522877,0.010155704
Test_606,0.1869847,0.08091347,0.022628503,0.7094733
Test_607,0.44218156,0.36963695,0.13390632,0.054275032
Test_608,0.08059192,0.034342065,0.010545581,0.8745204
Test_609,0.8388617,0.07713609,0.042349722,0.041652456
Test_610,0.0114308335,0.012839487,0.025016047,0.9507136
Test_611,0.845353,0.048952322,0.09224262,0.0134520205
Test_612,0.0031514082,0.0028637913,0.9882111,0.0057737296
Test_613,0.87496036,0.044247705,0.0542929,0.026499035
Test_614,0.02189828,0.20564558,0.75038606,0.022070032
Test_615,0.041135915,0.07751152,0.85621893,0.025133606
Test_616,0.027245555,0.07468753,0.008069515,0.88999736
Test_617,0.778502,0.13930538,0.014300596,0.067892015
Test_618,0.05728691,0.016560897,0.01930501,0.90684724
Test_619,0.038049284,0.18474202,0.7385602,0.038648475
Test_620,0.027814476,0.8411217,0.108362384,0.022701513
Test_621,0.03770428,0.02331985,0.037888836,0.901087
Test_622,0.0077164453,0.022975268,0.9639029,0.005405391
Test_623,0.019709239,0.030901184,0.020837445,0.92855215
Test_624,0.039910328,0.565113,0.25677684,0.1381998
Test_625,0.14657642,0.68801564,0.07772271,0.08768519
Test_626,0.013891295,0.013695978,0.93608993,0.03632274
Test_627,0.96330774,0.01881823,0.0017503679,0.016123617
Test_628,0.05092453,0.16787435,0.07165747,0.70954365
Test_629,0.97131515,0.0074888603,0.011024669,0.010171289
Test_630,0.97842944,0.008477482,0.007913467,0.005179651
Test_631,0.90863377,0.06632936,0.013049868,0.011986933
Test_632,0.72455657,0.03740082,0.07518373,0.16285887
Test_633,0.016721189,0.030493295,0.92913574,0.023649842
Test_634,0.009332863,0.025618313,0.014928444,0.9501204
Test_635,0.87985253,0.105494685,0.0032421565,0.011410562
Test_636,0.008312005,0.60194826,0.048680518,0.34105927
Test_637,0.020772737,0.010539969,0.95902467,0.009662578
Test_638,0.4521218,0.032306865,0.07262711,0.4429442
Test_639,0.08348749,0.056947425,0.8268849,0.032680206
Test_640,0.094309784,0.10267267,0.3064509,0.49656668
Test_641,0.01569016,0.01832575,0.9408501,0.025134092
Test_642,0.0055599157,0.0045113596,0.004262935,0.98566574
Test_643,0.6586471,0.31850094,0.015718468,0.0071334667
Test_644,0.013239093,0.024102008,0.029072572,0.9335863
Test_645,0.9757445,0.0030484889,0.008093704,0.013113345
Test_646,0.086825974,0.10208145,0.7922233,0.018869342
Test_647,0.02381996,0.61073583,0.22415666,0.14128757
Test_648,0.9480443,0.0073094415,0.015779287,0.028867085
Test_649,0.02398791,0.004177643,0.9546911,0.017143387
Test_650,0.06738186,0.121159375,0.77114457,0.04031421
Test_651,0.005601149,0.016262954,0.009109336,0.96902657
Test_652,0.038593005,0.020342048,0.931605,0.009459931
Test_653,0.9896662,0.005142823,0.0032120168,0.001978866
Test_654,0.08391923,0.0069459276,0.8908352,0.018299524
Test_655,0.008188889,0.0053130244,0.026024237,0.9604739
Test_656,0.008024399,0.016987655,0.009603949,0.965384
Test_657,0.031916786,0.15579176,0.75831646,0.05397509
Test_658,0.9747317,0.0057818335,0.016148392,0.0033381088
Test_659,0.1192987,0.22308345,0.20430097,0.45331687
Test_660,0.040971804,0.03732347,0.86454254,0.057162147
Test_661,0.009417985,0.022598086,0.010133668,0.9578502
Test_662,0.005816677,0.0021799104,0.0051532905,0.98685014
Test_663,0.03872189,0.20598263,0.6810206,0.07427484
Test_664,0.021009466,0.0052719726,0.96052766,0.013190791
Test_665,0.06175106,0.07499692,0.04665769,0.8165943
Test_666,0.13894132,0.051687766,0.71109295,0.09827791
Test_667,0.950729,0.004902038,0.02906923,0.01529972
Test_668,0.0075193816,0.091069646,0.83664346,0.064767525
Test_669,0.009663069,0.029074855,0.9451268,0.016135253
Test_670,0.06228636,0.20598172,0.46249017,0.26924175
Test_671,0.01981225,0.091365226,0.84491,0.043912493
Test_672,0.98098594,0.008692702,0.0073594116,0.0029618787
Test_673,0.034342702,0.32337776,0.6088876,0.0333919
Test_674,0.04508426,0.3860605,0.52562493,0.043230273
Test_675,0.98647946,0.0013824123,0.0067449287,0.0053933035
Test_676,0.5553005,0.31455216,0.039064437,0.0910829
Test_677,0.012087042,0.05588992,0.03439917,0.89762396
Test_678,0.5834099,0.062215786,0.031869948,0.32250434
Test_679,0.06340463,0.036343604,0.8880812,0.012170611
Test_680,0.028871672,0.015793357,0.009221184,0.94611377
Test_681,0.910111,0.04612075,0.020363864,0.023404352
Test_682,0.9244267,0.020724617,0.022212565,0.032636255
Test_683,0.031870063,0.025421442,0.0072266855,0.93548185
Test_684,0.041902248,0.005159589,0.0073619564,0.9455762
Test_685,0.9752905,0.019596005,0.0034192288,0.0016942947
Test_686,0.011202132,0.0052760327,0.0032952148,0.98022664
Test_687,0.9626604,0.010736046,0.021066397,0.0055372478
Test_688,0.05960905,0.34970662,0.15258913,0.43809524
Test_689,0.015205517,0.012993273,0.00781949,0.9639818
Test_690,0.0144423805,0.019434348,0.040633418,0.9254899
Test_691,0.94269687,0.009761366,0.03323458,0.014307108
Test_692,0.021920618,0.08327468,0.82256514,0.0722396
Test_693,0.81708246,0.023246853,0.07901137,0.08065929
Test_694,0.1884007,0.109417975,0.012998111,0.68918324
Test_695,0.96458256,0.0015123846,0.0044625434,0.029442454
Test_696,0.02412761,0.013038132,0.9198641,0.042970132
Test_697,0.15499464,0.03223975,0.5873048,0.22546083
Test_698,0.879561,0.049925227,0.014010045,0.056503676
Test_699,0.030429421,0.019455783,0.010849945,0.93926483
Test_700,0.011214229,0.0068417457,0.9712747,0.010669389
Test_701,0.24211654,0.21354978,0.03799173,0.50634193
Test_702,0.14509997,0.026605923,0.016617075,0.8116771
Test_703,0.020100668,0.0067213844,0.9481501,0.025027903
Test_704,0.012556568,0.02735919,0.9370568,0.0230275
Test_705,0.15323627,0.04571874,0.7278438,0.07320118
Test_706,0.9167814,0.011098462,0.069802776,0.0023172945
Test_707,0.01677022,0.014142642,0.06809964,0.9009875
Test_708,0.09187641,0.020212157,0.010661463,0.87724996
Test_709,0.027545141,0.0043908483,0.94723374,0.020830272
Test_710,0.030616418,0.4437958,0.4960579,0.029529907
Test_711,0.962061,0.01566458,0.0107241245,0.011550336
Test_712,0.05187597,0.061694544,0.018388884,0.8680406
Test_713,0.0077445298,0.45541334,0.11565366,0.42118847
Test_714,0.009504096,0.8887436,0.084957615,0.016794622
Test_715,0.03295227,0.04191955,0.9092832,0.015844967
Test_716,0.009615188,0.007643471,0.011496642,0.97124463
Test_717,0.009114547,0.008075041,0.96532935,0.017481038
Test_718,0.5647186,0.027091451,0.38061804,0.027571876
Test_719,0.05419495,0.18257982,0.7428601,0.020365208
Test_720,0.6818881,0.25843668,0.037104294,0.022570921
Test_721,0.032133143,0.04330326,0.89170045,0.032863054
Test_722,0.033397853,0.05268992,0.88262963,0.031282596
Test_723,0.8119017,0.13377464,0.026200684,0.028122958
Test_724,0.03637592,0.13048403,0.81467867,0.018461443
Test_725,0.1293165,0.17966971,0.01690888,0.674105
Test_726,0.0035514894,0.0047604195,0.012711583,0.97897655
Test_727,0.0004642633,0.93642706,0.025084738,0.038023874
Test_728,0.013842113,0.039509602,0.8992344,0.047413964
Test_729,0.112017594,0.011533068,0.80302227,0.073427066
Test_730,0.048792657,0.8192429,0.098965876,0.032998644
Test_731,0.019180397,0.033319235,0.9116142,0.035886228
Test_732,0.024440257,0.9471507,0.013857808,0.014551251
Test_733,0.020903002,0.88968664,0.08135152,0.0080588255
Test_734,0.9556785,0.017224077,0.015067185,0.012030218
Test_735,0.9594247,0.007661867,0.0046744663,0.028238859
Test_736,0.86908567,0.044917423,0.035757784,0.050239157
Test_737,0.038990583,0.006639631,0.01132753,0.9430423
Test_738,0.95098,0.01429954,0.017731013,0.016989417
Test_739,0.032897662,0.026912637,0.9274055,0.012784215
Test_740,0.010616417,0.006708781,0.013859947,0.9688148
Test_741,0.13638498,0.01604416,0.030268589,0.8173022
Test_742,0.0056045647,0.057776906,0.0059660277,0.93065256
Test_743,0.016607769,0.03431329,0.8879136,0.06116539
Test_744,0.26625773,0.058674987,0.054637723,0.6204295
Test_745,0.39519712,0.05931726,0.016796686,0.52868897
Test_746,0.042393018,0.010353408,0.93061984,0.016633801
Test_747,0.7190489,0.018828114,0.23688573,0.025237223
Test_748,0.27339387,0.35155928,0.10483812,0.27020875
Test_749,0.030474588,0.011271352,0.032630667,0.92562336
Test_750,0.75379014,0.06809741,0.016283512,0.16182894
Test_751,0.077128015,0.046710603,0.84223664,0.03392482
Test_752,0.02067724,0.0048635467,0.016341077,0.95811814
Test_753,0.00713774,0.004796734,0.96171343,0.026352115
Test_754,0.08446939,0.05145892,0.51668036,0.3473913
Test_755,0.15445127,0.034269765,0.029205332,0.7820737
Test_756,0.9268941,0.007764894,0.04321009,0.022130929
Test_757,0.08339336,0.074389204,0.0071406583,0.8350768
Test_758,0.9618941,0.0063682594,0.02464032,0.007097373
Test_759,0.28925934,0.07789112,0.016287055,0.6165625
Test_760,0.8379259,0.02462066,0.10773345,0.029719943
Test_761,0.010071696,0.07891118,0.019319138,0.891698
Test_762,0.08024495,0.1372364,0.75210565,0.030412965
Test_763,0.022677332,0.0064560534,0.903634,0.06723257
Test_764,0.97707707,0.0044676843,0.012696214,0.005759073
Test_765,0.13570485,0.5529499,0.011298189,0.30004704
Test_766,0.014629007,0.014529346,0.025116717,0.94572484
Test_767,0.8495287,0.03230269,0.021184621,0.096984014
Test_768,0.028265053,0.017948825,0.024152784,0.9296334
Test_769,0.026583487,0.0065817074,0.95371836,0.013116479
Test_770,0.44934255,0.07736296,0.20247893,0.27081552
Test_771,0.006639929,0.013731106,0.96168524,0.017943751
Test_772,0.12750927,0.46459118,0.102356575,0.30554298
Test_773,0.052707277,0.28237057,0.5649989,0.0999232
Test_774,0.004780929,0.0016441968,0.026568403,0.96700644
Test_775,0.040671308,0.14152427,0.81044894,0.0073554376
Test_776,0.5347622,0.23282316,0.120075904,0.11233881
Test_777,0.92982835,0.014948768,0.05114217,0.0040807836
Test_778,0.46890116,0.4814292,0.020926515,0.028743157
Test_779,0.007395841,0.0025261566,0.030827528,0.95925045
Test_780,0.8964746,0.012261665,0.048466235,0.042797416
Test_781,0.98575854,0.0019518975,0.009065233,0.0032244266
Test_782,0.020861844,0.07789055,0.8716114,0.029636182
Test_783,0.010103851,0.012860075,0.9672336,0.009802557
Test_784,0.021415843,0.017771704,0.9349548,0.025857678
Test_785,0.9470159,0.015893552,0.019463683,0.017626952
Test_786,0.0681514,0.5236346,0.31512883,0.09308513
Test_787,0.0076115117,0.052123293,0.91125065,0.029014522
Test_788,0.7320418,0.07416459,0.14314371,0.050649993
Test_789,0.1124742,0.03235052,0.7742719,0.08090342
Test_790,0.12190417,0.39936697,0.15985903,0.31886986
Test_791,0.32524902,0.04615265,0.037631925,0.59096634
Test_792,0.02905959,0.042863492,0.9062271,0.021849811
Test_793,0.034201793,0.10569672,0.82944316,0.030658288
Test_794,0.14431182,0.313441,0.12943137,0.4128159
Test_795,0.03229108,0.016995445,0.006338342,0.94437516
Test_796,0.012508729,0.011653725,0.96500164,0.010835979
Test_797,0.96876454,0.002514113,0.017298693,0.011422578
Test_798,0.032470588,0.079895966,0.86485445,0.022779077
Test_799,0.0745033,0.28741902,0.61865187,0.019425862
Test_800,0.016943352,0.028765377,0.94424284,0.010048412
Test_801,0.034973748,0.014229337,0.9316399,0.019157015
Test_802,0.026149197,0.01859696,0.9404307,0.014823169
Test_803,0.2287153,0.10854806,0.010232249,0.6525044
Test_804,0.05242771,0.6061874,0.25793225,0.08345261
Test_805,0.040000793,0.026140457,0.922721,0.0111376885
Test_806,0.057293814,0.87035036,0.010828452,0.06152735
Test_807,0.0607741,0.8571802,0.01810569,0.063939996
Test_808,0.7410569,0.019825792,0.21398157,0.02513568
Test_809,0.8353443,0.10283414,0.03961465,0.02220689
Test_810,0.01502155,0.02345976,0.9476802,0.0138385
Test_811,0.963273,0.017314391,0.0140318945,0.005380799
Test_812,0.026385358,0.088436246,0.8184232,0.06675518
Test_813,0.9629627,0.004529627,0.0060655903,0.026441967
Test_814,0.019962346,0.010832163,0.023201998,0.94600344
Test_815,0.06805513,0.024027053,0.059279088,0.8486387
Test_816,0.14550427,0.29342481,0.1848575,0.3762134
Test_817,0.065767795,0.19044487,0.72543037,0.018356932
Test_818,0.51773876,0.07908827,0.24242242,0.1607506
Test_819,0.007322601,0.0522252,0.8439016,0.09655059
Test_820,0.8932455,0.061352678,0.016264781,0.029137032
Test_821,0.001041604,0.0019960145,0.0122749265,0.9846875
Test_822,0.30343828,0.41192544,0.15484402,0.12979226
Test_823,0.9752597,0.0070087328,0.012482221,0.005249298
Test_824,0.24990231,0.07119729,0.026734708,0.65216565
Test_825,0.046311606,0.11134014,0.7772057,0.065142624
Test_826,0.016827129,0.0034412479,0.9691886,0.01054301
Test_827,0.09883357,0.239789,0.47776595,0.1836115
Test_828,0.024305709,0.13268486,0.831256,0.0117534725
Test_829,0.0130235525,0.014443941,0.021284314,0.9512482
Test_830,0.08084846,0.024068566,0.88677925,0.00830367
Test_831,0.008236066,0.048165172,0.9271874,0.016411396
Test_832,0.9514983,0.013506285,0.006262631,0.02873276
Test_833,0.03411976,0.051107403,0.86041576,0.054357078
Test_834,0.010080275,0.011006336,0.9659195,0.012993987
Test_835,0.008580974,0.0038677477,0.96318984,0.02436151
Test_836,0.099096045,0.76288337,0.063328505,0.07469213
Test_837,0.36271563,0.2523523,0.23010622,0.15482582
Test_838,0.08688764,0.22727568,0.067207165,0.61862946
Test_839,0.013566969,0.019519377,0.9529775,0.013936253
Test_840,0.030267702,0.061882053,0.89089125,0.016958965
Test_841,0.11781406,0.047193285,0.012646204,0.82234645
Test_842,0.95781946,0.026658721,0.0074427277,0.0080790045
Test_843,0.039787192,0.035009358,0.90422684,0.02097662
Test_844,0.2164376,0.2719047,0.34171167,0.16994604
Test_845,0.014739446,0.08602926,0.88211656,0.017114762
Test_846,0.09069875,0.020526234,0.07364761,0.8151274
Test_847,0.02659984,0.1503309,0.750507,0.072562285
Test_848,0.033851374,0.05245564,0.8935238,0.020169215
Test_849,0.03639338,0.021987643,0.010325549,0.9312934
Test_850,0.007108565,0.009645352,0.9719158,0.011330373
Test_851,0.036741793,0.014325202,0.024655232,0.9242777
Test_852,0.03443936,0.03656386,0.8990429,0.029953867
Test_853,0.0742604,0.0995782,0.81285495,0.013306439
Test_854,0.011391531,0.0043555214,0.005300141,0.97895277
Test_855,0.11556699,0.010117874,0.028682742,0.8456324
Test_856,0.74883616,0.03087799,0.09520384,0.12508199
Test_857,0.0062356666,0.01620571,0.92004824,0.057510365
Test_858,0.054939643,0.06378558,0.844426,0.036848728
Test_859,0.021464033,0.022297278,0.037304465,0.9189342
Test_860,0.9763347,0.005555898,0.012792314,0.0053170295
Test_861,0.013534298,0.007971958,0.9506826,0.027811287
Test_862,0.019425925,0.016861062,0.91968423,0.044028882
Test_863,0.027855208,0.07123504,0.05649727,0.84441245
Test_864,0.096246436,0.5359029,0.17871788,0.18913274
Test_865,0.012589775,0.025958983,0.94690377,0.014547458
Test_866,0.052569937,0.14319675,0.7575679,0.046665438
Test_867,0.0354803,0.42595306,0.120035626,0.41853103
Test_868,0.022537109,0.01653284,0.9263273,0.03460282
Test_869,0.021615481,0.070822544,0.008862318,0.89869964
Test_870,0.22609977,0.47988182,0.1666138,0.12740463
Test_871,0.11353624,0.182898,0.1316079,0.5719579
Test_872,0.13818829,0.34740528,0.03443139,0.47997513
Test_873,0.029849632,0.020098891,0.032275148,0.91777635
Test_874,0.027155118,0.03467685,0.0055996724,0.9325684
Test_875,0.05893455,0.1687107,0.022130027,0.75022477
Test_876,0.07831415,0.04801293,0.034179524,0.83949333
Test_877,0.85528964,0.052891206,0.0455061,0.04631309
Test_878,0.919822,0.040611975,0.020401051,0.019165013
Test_879,0.10631684,0.013591954,0.5945461,0.28554505
Test_880,0.016794233,0.0570226,0.8757994,0.05038373
Test_881,0.32354718,0.05766991,0.5904633,0.028319595
Test_882,0.068113275,0.12238486,0.66773206,0.14176977
Test_883,0.054188542,0.067143016,0.018508883,0.8601596
Test_884,0.03322025,0.95672035,0.0048186583,0.0052408297
Test_885,0.92750096,0.030779663,0.0057797986,0.03593956
Test_886,0.9848043,0.0029531505,0.0048689223,0.0073736412
Test_887,0.022306895,0.7540085,0.21518482,0.00849988
Test_888,0.018461991,0.030036353,0.9405833,0.010918357
Test_889,0.005838255,0.016389789,0.97182727,0.00594469
Test_890,0.039688133,0.05340622,0.8699664,0.036939256
Test_891,0.04481964,0.009669292,0.0062186248,0.9392925
Test_892,0.04479759,0.014430469,0.8997836,0.04098832
Test_893,0.03228587,0.16372117,0.49117362,0.31281933
Test_894,0.07601797,0.024140116,0.098868154,0.8009738
Test_895,0.9227811,0.0025517184,0.035073068,0.03959409
Test_896,0.012087205,0.41016585,0.0026996552,0.57504725
Test_897,0.92819893,0.0073189917,0.006490603,0.057991523
Test_898,0.05297743,0.3133152,0.12215799,0.51154935
Test_899,0.01276774,0.018704379,0.9509567,0.017571136
Test_900,0.020665796,0.0027723375,0.014286847,0.96227497
Test_901,0.18584456,0.29687002,0.47162542,0.04566007
Test_902,0.9615417,0.018330695,0.0048714015,0.015256158
Test_903,0.009094551,0.0062323017,0.95524925,0.029423943
Test_904,0.3027394,0.038779035,0.112595044,0.54588646
Test_905,0.020740401,0.5119046,0.42479846,0.04255654
Test_906,0.10818966,0.053231865,0.76225287,0.07632563
Test_907,0.1738393,0.20111628,0.038817212,0.58622724
Test_908,0.020647297,0.0108273635,0.015524635,0.9530007
Test_909,0.8854112,0.025068173,0.053082284,0.036438376
Test_910,0.006716031,0.013181492,0.9698618,0.010240724
Test_911,0.032797743,0.03588084,0.029142447,0.90217894
Test_912,0.0349722,0.5567585,0.38943997,0.018829277
Test_913,0.015690327,0.007967017,0.9707262,0.0056164553
Test_914,0.018696766,0.024007123,0.0223771,0.93491906
Test_915,0.14797072,0.044548344,0.7728543,0.034626592
Test_916,0.035359785,0.008956739,0.019491805,0.9361917
Test_917,0.020844195,0.20685072,0.73120415,0.041100923
Test_918,0.012181903,0.06677759,0.91176397,0.009276557
Test_919,0.114027545,0.41304207,0.04802367,0.42490676
Test_920,0.008483877,0.03105926,0.95322144,0.0072354157
Test_921,0.012589419,0.9740762,0.0033850889,0.009949329
Test_922,0.96665156,0.0013813439,0.0190456,0.012921553
Test_923,0.17827229,0.05040692,0.76162976,0.009691049
Test_924,0.019174175,0.05394625,0.0030160712,0.92386353
Test_925,0.98380035,0.00603264,0.0065804217,0.0035864583
Test_926,0.0016228056,0.008941465,0.98280084,0.0066350065
Test_927,0.80752707,0.016244048,0.16939089,0.006837979
Test_928,0.044059806,0.05662919,0.8510624,0.04824867
Test_929,0.1398497,0.22253999,0.036658306,0.60095197
Test_930,0.12345318,0.67855364,0.09614543,0.10184776
Test_931,0.892053,0.0354608,0.045310784,0.027175467
Test_932,0.015276868,0.6186327,0.041364938,0.32472557
Test_933,0.9275758,0.016266659,0.049340073,0.0068174712
Test_934,0.014287978,0.117317885,0.8501017,0.018292459
Test_935,0.038333893,0.16880704,0.73577493,0.057084225
Test_936,0.038370453,0.011683771,0.010848016,0.93909776
Test_937,0.16907167,0.011743859,0.78407323,0.035111282
Test_938,0.15742135,0.04409485,0.009984076,0.7884997
Test_939,0.9362924,0.014725551,0.03121969,0.017762404
Test_940,0.04625765,0.04130343,0.07305832,0.8393806
Test_941,0.048506383,0.03964779,0.011226943,0.90061885
Test_942,0.15536687,0.7031392,0.02207879,0.1194151
Test_943,0.020043965,0.010010075,0.94432193,0.025624106
Test_944,0.03222684,0.034021705,0.6860188,0.2477327
Test_945,0.8767879,0.018592337,0.032999087,0.07162057
Test_946,0.033538796,0.03266603,0.8785984,0.05519671
Test_947,0.014667112,0.015628314,0.008463841,0.96124077
Test_948,0.8406648,0.06853586,0.049594045,0.041205347
Test_949,0.76996493,0.09780346,0.0998878,0.032343823
Test_950,0.011449183,0.012092747,0.006384888,0.97007316
Test_951,0.037295215,0.22879581,0.7002814,0.033627678
Test_952,0.05351175,0.010627513,0.018542897,0.9173178
Test_953,0.011818563,0.006714314,0.01751795,0.9639492
Test_954,0.8359912,0.011378699,0.026768126,0.12586193
Test_955,0.9635115,0.014392785,0.01042002,0.011675569
Test_956,0.013926718,0.011049265,0.01006047,0.9649636
Test_957,0.32424515,0.01107341,0.017319143,0.6473623
Test_958,0.016799616,0.01718961,0.0061711865,0.9598396
Test_959,0.051637713,0.05610697,0.88066566,0.01158964
Test_960,0.022614297,0.011393414,0.95877135,0.007220908
Test_961,0.53180724,0.42648533,0.0062521272,0.03545532
Test_962,0.68591136,0.16723023,0.09453186,0.05232667
Test_963,0.9152776,0.008981832,0.02690004,0.048840668
Test_964,0.029815419,0.018092798,0.9462863,0.005805439
Test_965,0.9862896,0.0020566913,0.004554066,0.00709969
Test_966,0.16136743,0.79389054,0.026575055,0.01816691
Test_967,0.014329345,0.005737516,0.96962476,0.010308449
Test_968,0.008243132,0.003590623,0.97823274,0.00993341
Test_969,0.019590179,0.07911982,0.8738248,0.027465178
Test_970,0.97931975,0.008608829,0.010156691,0.0019146857
Test_971,0.010887486,0.01152196,0.009893826,0.9676967
Test_972,0.009394611,0.008545541,0.97527,0.0067898524
Test_973,0.016756821,0.12827878,0.8169061,0.03805825
Test_974,0.2696561,0.11967377,0.14149296,0.46917716
Test_975,0.7343429,0.10719608,0.13243413,0.026026944
Test_976,0.0581284,0.025222376,0.8770462,0.039602943
Test_977,0.014479953,0.17722751,0.006047943,0.8022446
Test_978,0.0013890057,0.0045923362,0.9892504,0.004768284
Test_979,0.9099696,0.004197567,0.03050539,0.05532733
Test_980,0.03207149,0.13017066,0.00819652,0.82956135
Test_981,0.021432694,0.008997957,0.010519678,0.9590497
Test_982,0.92189944,0.021365717,0.01151469,0.04522019
Test_983,0.024467118,0.8310756,0.08644749,0.05800977
Test_984,0.02548549,0.013535241,0.01208561,0.94889367
Test_985,0.016386798,0.13733904,0.40445104,0.4418231
Test_986,0.004903984,0.009781351,0.02111553,0.9641992
Test_987,0.0018850528,0.9764815,0.01694961,0.0046838108
Test_988,0.92633754,0.010220574,0.027418531,0.036023386
Test_989,0.9189546,0.007958283,0.036967073,0.03612003
Test_990,0.1333962,0.674142,0.0858751,0.10658666
Test_991,0.041628707,0.6099398,0.23128107,0.11715033
Test_992,0.058272164,0.034812894,0.030305097,0.8766098
Test_993,0.11893856,0.56992316,0.25679043,0.054347787
Test_994,0.2221686,0.17217177,0.09177521,0.5138845
Test_995,0.14478508,0.24238059,0.5739657,0.038868606
Test_996,0.0058682794,0.016749853,0.9546629,0.022718944
Test_997,0.012582858,0.20130001,0.43625802,0.34985918
Test_998,0.01644075,0.02682969,0.91892135,0.03780823
Test_999,0.01599937,0.0043825353,0.9316922,0.047925908
Test_1000,0.08000758,0.019274471,0.84105784,0.05966015
Test_1001,0.063951045,0.49788243,0.023791974,0.41437453
Test_1002,0.07039039,0.013942142,0.9057327,0.009934851
Test_1003,0.22031152,0.124492034,0.043023296,0.61217314
Test_1004,0.036558565,0.012426284,0.008157318,0.9428578
Test_1005,0.8792574,0.0603035,0.044334937,0.016104162
Test_1006,0.14358054,0.17630821,0.53249866,0.14761254
Test_1007,0.08045538,0.09294331,0.100348584,0.7262527
Test_1008,0.9700825,0.006645784,0.0058562993,0.017415516
Test_1009,0.069110274,0.085053794,0.7886114,0.057224534
Test_1010,0.03705324,0.015851032,0.9114096,0.035685986
Test_1011,0.013313043,0.004230245,0.9761987,0.006258005
Test_1012,0.016864168,0.0026320664,0.013677039,0.9668267
Test_1013,0.05931543,0.040548485,0.8754727,0.024663422
Test_1014,0.035419635,0.037033465,0.9006405,0.026906393
Test_1015,0.9248921,0.023530334,0.038137596,0.013439952
Test_1016,0.012555825,0.024207894,0.90861636,0.054619968
Test_1017,0.034112703,0.017971741,0.9146012,0.033314347
Test_1018,0.031372517,0.057534087,0.031097991,0.8799954
Test_1019,0.022153186,0.052165773,0.89446294,0.031218125
Test_1020,0.011462281,0.0122015355,0.9707089,0.005627335
Test_1021,0.1643245,0.019293213,0.6534162,0.16296613
Test_1022,0.03692159,0.014677434,0.938259,0.010141971
Test_1023,0.9079712,0.04643568,0.032165054,0.013428045
Test_1024,0.9292829,0.0338822,0.024309287,0.012525576
Test_1025,0.02776969,0.0848296,0.015884621,0.87151605
Test_1026,0.8241111,0.08825007,0.074042365,0.01359651
Test_1027,0.041082907,0.014477899,0.019387249,0.925052
Test_1028,0.87989736,0.07302425,0.020076137,0.027002206
Test_1029,0.8880197,0.0652931,0.03361822,0.013069012
Test_1030,0.36784595,0.12527555,0.47602803,0.030850366
Test_1031,0.007779875,0.0023913372,0.009902143,0.97992665
Test_1032,0.04255442,0.07450322,0.00879877,0.8741436
Test_1033,0.02982859,0.022058753,0.93066275,0.01744991
Test_1034,0.016644532,0.047822762,0.92172045,0.013812285
Test_1035,0.532874,0.05583638,0.386825,0.024464676
Test_1036,0.8418492,0.026305567,0.029417714,0.102427535
Test_1037,0.23251581,0.045847993,0.7113199,0.010316286
Test_1038,0.007041563,0.026130663,0.020848444,0.94597936
Test_1039,0.0017913178,0.00789595,0.0044683274,0.9858444
Test_1040,0.039171983,0.04315877,0.026771732,0.8908975
Test_1041,0.013387308,0.042794798,0.8662981,0.07751975
Test_1042,0.12286724,0.11818913,0.7493528,0.009590869
Test_1043,0.102240354,0.06274289,0.8148549,0.020161832
Test_1044,0.021481173,0.024748836,0.055405933,0.898364
Test_1045,0.09586928,0.08398695,0.79626256,0.023881236
Test_1046,0.36440468,0.3321995,0.05186053,0.25153527
Test_1047,0.90897167,0.01171361,0.026127739,0.053186946
Test_1048,0.0066518616,0.008616559,0.007101645,0.9776299
Test_1049,0.06489912,0.07722028,0.043741737,0.8141388
Test_1050,0.049793355,0.32596427,0.5737636,0.0504788
Test_1051,0.116210446,0.07829191,0.0068227234,0.79867494
Test_1052,0.09695167,0.039296534,0.0055179233,0.85823387
Test_1053,0.013613699,0.0102862,0.95253175,0.023568349
Test_1054,0.81291986,0.031612802,0.106814265,0.048653055
Test_1055,0.025038261,0.31625155,0.0104375,0.64827263
Test_1056,0.07319419,0.057226796,0.43648785,0.43309107
Test_1057,0.23151892,0.113871075,0.0043473393,0.6502627
Test_1058,0.94769335,0.009529781,0.011590924,0.031185975
Test_1059,0.3856827,0.3570467,0.06456429,0.19270632
Test_1060,0.024387708,0.109018296,0.018571317,0.84802264
Test_1061,0.8040773,0.018562451,0.09390468,0.083455585
Test_1062,0.978388,0.003156861,0.0072049876,0.011250088
Test_1063,0.039457362,0.12439663,0.8200788,0.016067253
Test_1064,0.008243132,0.19981034,0.0036081981,0.78833824
Test_1065,0.74142474,0.015387779,0.055359434,0.18782802
Test_1066,0.0048932256,0.011244544,0.018012654,0.9658495
Test_1067,0.011193326,0.8418739,0.0031510622,0.1437817
Test_1068,0.02684332,0.03545759,0.016513482,0.9211856
Test_1069,0.055077314,0.037312694,0.8856535,0.021956433
Test_1070,0.5339584,0.26836008,0.112430416,0.08525111
Test_1071,0.0074147442,0.038694292,0.9486434,0.0052475818
Test_1072,0.0971109,0.5487622,0.006332855,0.34779406
Test_1073,0.2396375,0.39216438,0.07145332,0.2967448
Test_1074,0.04773719,0.061112717,0.86274564,0.028404446
Test_1075,0.02291132,0.024628311,0.93506444,0.017396003
Test_1076,0.105263494,0.29979458,0.13129069,0.46365124
Test_1077,0.9163824,0.020929024,0.022807157,0.039881486
Test_1078,0.009862691,0.0060113054,0.9599528,0.024173172
Test_1079,0.011957583,0.007168145,0.96581006,0.015064224
Test_1080,0.12376073,0.5633917,0.1992229,0.11362469
Test_1081,0.057407722,0.2109393,0.68250155,0.049151402
Test_1082,0.0319197,0.03660505,0.029549738,0.9019255
Test_1083,0.87702215,0.027297787,0.087882005,0.007798068
Test_1084,0.021643804,0.3836456,0.56148136,0.03322924
Test_1085,0.023217779,0.023560386,0.009344258,0.9438776
Test_1086,0.016949715,0.014385037,0.9455204,0.023144903
Test_1087,0.071671315,0.4308637,0.047464464,0.45000055
Test_1088,0.007377641,0.015086284,0.96345353,0.014082577
Test_1089,0.119542584,0.04748115,0.022803964,0.81017226
Test_1090,0.18259236,0.028504966,0.03631627,0.7525864
Test_1091,0.5485049,0.2486834,0.17621382,0.026597813
Test_1092,0.9533811,0.02813129,0.0082322685,0.010255234
Test_1093,0.010088477,0.0062001753,0.014642856,0.9690685
Test_1094,0.8752549,0.03458978,0.0560352,0.034120087
Test_1095,0.012370256,0.0063490337,0.022290532,0.95899016
Test_1096,0.042825643,0.069039315,0.04046739,0.84766763
Test_1097,0.8723646,0.019730091,0.06625896,0.041646414
Test_1098,0.23065543,0.027601723,0.063808784,0.67793405
Test_1099,0.054700367,0.21434632,0.018811861,0.7121415
Test_1100,0.053591527,0.060181066,0.7387253,0.14750206
Test_1101,0.66875505,0.09546528,0.22324055,0.012539146
Test_1102,0.012220149,0.018515596,0.9390634,0.030200886
Test_1103,0.42605674,0.090138726,0.041208107,0.44259647
Test_1104,0.5539778,0.15263693,0.05231386,0.24107143
Test_1105,0.010873211,0.0076502594,0.012213146,0.9692634
Test_1106,0.9444528,0.017553514,0.022320122,0.015673524
Test_1107,0.0457724,0.030782696,0.89129496,0.032149915
Test_1108,0.86500186,0.040367883,0.07728103,0.017349297
Test_1109,0.52164805,0.17042755,0.2700994,0.037824977
Test_1110,0.008432828,0.014858,0.95678383,0.019925402
Test_1111,0.004353467,0.008077938,0.9605028,0.02706587
Test_1112,0.9340573,0.0070416494,0.05243923,0.006461781
Test_1113,0.06626326,0.0657476,0.8296296,0.038359597
Test_1114,0.027637692,0.0155868335,0.9228634,0.033912048
Test_1115,0.024560254,0.030049639,0.9228551,0.022535004
Test_1116,0.06551412,0.14225999,0.74284565,0.049380265
Test_1117,0.968078,0.013489008,0.007625994,0.010807016
Test_1118,0.011112327,0.00438578,0.967632,0.016869975
Test_1119,0.017753288,0.03653426,0.009900511,0.93581194
Test_1120,0.046077985,0.63298863,0.25904965,0.06188372
Test_1121,0.017477656,0.066631675,0.8833971,0.03249351
Test_1122,0.05184106,0.056769706,0.028157985,0.8632312
Test_1123,0.83141655,0.09426679,0.035544563,0.038772114
Test_1124,0.009584432,0.017011173,0.9103698,0.06303467
Test_1125,0.28268555,0.21033065,0.10696839,0.4000154
Test_1126,0.94761103,0.044999074,0.0043797474,0.003010153
Test_1127,0.008678557,0.0532178,0.04940201,0.8887017
Test_1128,0.06885805,0.0016368756,0.9141408,0.015364308
Test_1129,0.03250797,0.10965134,0.83553094,0.022309676
Test_1130,0.0042903367,0.0025172373,0.0031266399,0.9900658
Test_1131,0.7518804,0.10755444,0.13263379,0.00793132
Test_1132,0.12266659,0.08970098,0.18795975,0.59967273
Test_1133,0.6120909,0.02916401,0.07885135,0.27989376
Test_1134,0.011233835,0.014062892,0.8967821,0.07792117
Test_1135,0.9434969,0.0184853,0.027587604,0.01043025
Test_1136,0.0038785771,0.009151033,0.0039550755,0.9830153
Test_1137,0.48197305,0.20170262,0.0045307884,0.31179357
Test_1138,0.04830787,0.013901393,0.0249519,0.9128388
Test_1139,0.08601425,0.03842102,0.730459,0.14510566
Test_1140,0.19574447,0.08782599,0.3961152,0.32031432
Test_1141,0.009643807,0.0024888576,0.0041721244,0.98369515
Test_1142,0.029316574,0.35889718,0.581979,0.029807338
Test_1143,0.035041966,0.018885272,0.85857743,0.087495334
Test_1144,0.02351311,0.0049262093,0.93693763,0.034623098
Test_1145,0.36506125,0.31434733,0.07215737,0.24843407
Test_1146,0.010768093,0.008041336,0.9358275,0.045363043
Test_1147,0.010156921,0.011959016,0.016897887,0.9609862
Test_1148,0.14830072,0.2658633,0.48082894,0.10500702
Test_1149,0.022005472,0.96522194,0.0042196023,0.008553015
Test_1150,0.23776716,0.09774635,0.14957395,0.5149125
Test_1151,0.8365398,0.085698195,0.053845026,0.023916932
Test_1152,0.964054,0.012819365,0.0037338368,0.019392712
Test_1153,0.01836216,0.010372157,0.0051295785,0.9661361
Test_1154,0.01322372,0.0020619968,0.9659276,0.018786667
Test_1155,0.012485229,0.014095903,0.9631888,0.010230031
Test_1156,0.19773185,0.049267437,0.03954886,0.71345186
Test_1157,0.027846526,0.040814295,0.00828788,0.9230513
Test_1158,0.012177602,0.9638506,0.008894111,0.015077771
Test_1159,0.022606585,0.03373824,0.9167896,0.026865656
Test_1160,0.9162797,0.036264144,0.029310293,0.018145936
Test_1161,0.03742142,0.11386759,0.7335012,0.11520982
Test_1162,0.009402946,0.0026405929,0.021779263,0.96617717
Test_1163,0.97453564,0.006084772,0.008648205,0.010731379
Test_1164,0.01853785,0.005943887,0.9653118,0.010206376
Test_1165,0.018838594,0.025220461,0.9424711,0.013469911
Test_1166,0.49222258,0.23086911,0.03801177,0.23889655
Test_1167,0.026594862,0.31180808,0.6337258,0.027871173
Test_1168,0.022334144,0.0049398136,0.96745735,0.0052686846
Test_1169,0.3704464,0.08066419,0.0067255907,0.5421638
Test_1170,0.44435334,0.14637129,0.18540369,0.22387172
Test_1171,0.006945024,0.03475686,0.016131904,0.9421662
Test_1172,0.9469783,0.020317433,0.022577368,0.010126849
Test_1173,0.2072005,0.61347294,0.08566002,0.0936666
Test_1174,0.0069366926,0.0027058574,0.009921809,0.9804356
Test_1175,0.014179448,0.059763327,0.9059827,0.02007449
Test_1176,0.09486397,0.15622535,0.044180512,0.7047302
Test_1177,0.9720552,0.009492541,0.015528762,0.002923472
Test_1178,0.92879754,0.044146076,0.02329745,0.0037588954
Test_1179,0.014833163,0.0045660236,0.9519252,0.028675556
Test_1180,0.8276987,0.045591597,0.034296915,0.09241289
Test_1181,0.05698058,0.15861078,0.7389354,0.045473266
Test_1182,0.35867643,0.2988087,0.01257042,0.32994455
Test_1183,0.06664494,0.13841759,0.023612624,0.7713248
Test_1184,0.0042158747,0.0062519913,0.97859967,0.010932476
Test_1185,0.12990992,0.13601153,0.5945693,0.13950916
Test_1186,0.023880918,0.034068752,0.9293942,0.012656188
Test_1187,0.06269863,0.0054558543,0.017889056,0.91395646
Test_1188,0.49828914,0.3038553,0.0670094,0.13084616
Test_1189,0.023235396,0.15812747,0.07213139,0.7465058
Test_1190,0.018458337,0.047900666,0.8713191,0.062321905
Test_1191,0.1634541,0.016960843,0.011886918,0.8076982
Test_1192,0.044324856,0.02381243,0.91474485,0.017117983
Test_1193,0.1568882,0.4308618,0.3416729,0.07057708
Test_1194,0.8099268,0.040147066,0.13668063,0.013245563
Test_1195,0.97652286,0.007851904,0.010180984,0.0054441686
Test_1196,0.117286794,0.04462586,0.040871087,0.7972163
Test_1197,0.1702187,0.015192842,0.08683314,0.72775537
Test_1198,0.022426749,0.008082866,0.94526494,0.024225427
Test_1199,0.008910136,0.016134173,0.96370316,0.011252474
Test_1200,0.0373352,0.09413606,0.77786857,0.09066014
Test_1201,0.057939135,0.024483982,0.03703404,0.8805429
Test_1202,0.074107155,0.012189567,0.016386846,0.89731646
Test_1203,0.97081786,0.0038006422,0.016107127,0.0092744185
Test_1204,0.035912566,0.7693457,0.12473662,0.070005074
Test_1205,0.012503915,0.007314868,0.95339197,0.026789356
Test_1206,0.12571867,0.022244906,0.8225955,0.029440947
Test_1207,0.003444089,0.19629687,0.013202542,0.7870565
Test_1208,0.0061724135,0.026165083,0.011375001,0.95628756
Test_1209,0.10852851,0.058218908,0.8119706,0.02128202
Test_1210,0.007575442,0.0039570453,0.019264448,0.9692031
Test_1211,0.032729402,0.037874192,0.008647058,0.9207494
Test_1212,0.18215851,0.044628963,0.047996923,0.7252156
Test_1213,0.006977977,0.0036414007,0.014600274,0.9747804
Test_1214,0.0035473404,0.008559635,0.002390893,0.9855021
Test_1215,0.09597114,0.14718951,0.019814437,0.73702496
Test_1216,0.011915365,0.016382081,0.93644106,0.03526143
Test_1217,0.020478152,0.015932834,0.055492382,0.9080966
Test_1218,0.010049395,0.004632508,0.016698603,0.96861947
Test_1219,0.0030276186,0.0029373358,0.95964694,0.034388013
Test_1220,0.09315049,0.071525656,0.115053594,0.7202703
Test_1221,0.67040336,0.24482787,0.060085602,0.024683172
Test_1222,0.02579057,0.10254051,0.8221501,0.049518812
Test_1223,0.6208648,0.24018425,0.113149,0.02580193
Test_1224,0.035119776,0.54455847,0.1888387,0.23148303
Test_1225,0.015219131,0.007916813,0.95991075,0.016953314
Test_1226,0.009273182,0.012674937,0.96643203,0.011619823
Test_1227,0.036026143,0.01816823,0.66791886,0.27788675
Test_1228,0.08932226,0.14612147,0.7537519,0.01080432
Test_1229,0.8075555,0.060740422,0.009930137,0.121773906
Test_1230,0.0100680245,0.07298993,0.86563736,0.051304705
Test_1231,0.9678834,0.013519262,0.008357493,0.010239814
Test_1232,0.87505776,0.043058995,0.01937034,0.06251296
Test_1233,0.026180519,0.12811218,0.77110773,0.07459957
Test_1234,0.0058387294,0.0062762885,0.98096484,0.0069201337
Test_1235,0.97915685,0.009774317,0.0030561641,0.0080127
Test_1236,0.0157325,0.0052287187,0.038409576,0.9406292
Test_1237,0.010649722,0.10091849,0.7963087,0.09212318
Test_1238,0.056727357,0.17883255,0.7394329,0.025007226
Test_1239,0.26183853,0.10499467,0.05733603,0.5758308
Test_1240,0.16949432,0.17196918,0.5563274,0.10220913
Test_1241,0.64415485,0.035987567,0.015134283,0.30472323
Test_1242,0.0139000695,0.017298916,0.02431214,0.9444888
Test_1243,0.111943476,0.10654617,0.5562256,0.2252848
Test_1244,0.024523633,0.003935808,0.010359351,0.9611812
Test_1245,0.007050184,0.027911263,0.027105413,0.9379332
Test_1246,0.07629459,0.032471213,0.019579725,0.87165445
Test_1247,0.017212577,0.022263857,0.9297337,0.030789796
Test_1248,0.063930444,0.44593737,0.46279672,0.027335504
Test_1249,0.052389007,0.33862987,0.53691787,0.07206326
Test_1250,0.12032182,0.37402597,0.094062,0.41159028
Test_1251,0.17483488,0.01826621,0.022577796,0.7843211
Test_1252,0.00925274,0.019022504,0.9605421,0.011182754
Test_1253,0.004224981,0.004090995,0.010012234,0.98167175
Test_1254,0.9568625,0.005916365,0.018537803,0.018683197
Test_1255,0.16532211,0.14866488,0.042759907,0.64325315
Test_1256,0.017683173,0.14519566,0.8169854,0.020135738
Test_1257,0.005216091,0.0014683953,0.008964321,0.98435116
Test_1258,0.8535528,0.01930463,0.016674165,0.11046842
Test_1259,0.96059984,0.016391406,0.008641882,0.014366818
Test_1260,0.31932762,0.10891133,0.08030618,0.4914548
Test_1261,0.037272114,0.1413175,0.8094625,0.011947836
Test_1262,0.41388208,0.2609605,0.20593962,0.11921782
Test_1263,0.008023776,0.02778779,0.95873266,0.005455733
Test_1264,0.085199796,0.02383887,0.010283052,0.8806783
Test_1265,0.57791424,0.10848088,0.0764004,0.23720448
Test_1266,0.008937542,0.008326639,0.9704508,0.012284962
Test_1267,0.7326665,0.062689535,0.08566552,0.11897836
Test_1268,0.028868057,0.120475516,0.81172484,0.038931664
Test_1269,0.055911727,0.05293616,0.8073005,0.083851516
Test_1270,0.01620873,0.29225886,0.6576514,0.033881012
Test_1271,0.009768963,0.019908054,0.015771654,0.9545514
Test_1272,0.02169842,0.0041432385,0.9636195,0.010538883
Test_1273,0.9654676,0.016163712,0.0075168246,0.010851803
Test_1274,0.013652537,0.0017484849,0.009081238,0.97551775
Test_1275,0.56338006,0.044909872,0.24006918,0.15164094
Test_1276,0.013164118,0.0040187514,0.022240365,0.9605767
Test_1277,0.02178523,0.020822136,0.94928336,0.008109304
Test_1278,0.58311033,0.098933764,0.11426195,0.20369394
Test_1279,0.0054228203,0.0040575406,0.01687562,0.973644
Test_1280,0.034910787,0.05541737,0.8516127,0.05805918
Test_1281,0.040413585,0.73190475,0.14793506,0.07974655
Test_1282,0.91154927,0.053201213,0.019672234,0.015577222
Test_1283,0.109404534,0.025985854,0.8211266,0.043482933
Test_1284,0.928372,0.020450408,0.030836787,0.020340862
Test_1285,0.8598605,0.08899513,0.0114548225,0.039689496
Test_1286,0.85967976,0.037845537,0.046801507,0.055673227
Test_1287,0.9714882,0.011623721,0.0030980788,0.013790036
Test_1288,0.55441153,0.008745097,0.3517178,0.08512561
Test_1289,0.061250594,0.017582897,0.0479355,0.873231
Test_1290,0.0046399115,0.013230792,0.02606959,0.95605963
Test_1291,0.01210006,0.04103403,0.031446528,0.91541934
Test_1292,0.10479095,0.2441226,0.6249127,0.02617384
Test_1293,0.01236809,0.48971853,0.07688173,0.42103153
Test_1294,0.5165532,0.18653588,0.0020123974,0.29489854
Test_1295,0.011264644,0.004355649,0.9742129,0.010166824
Test_1296,0.9266322,0.024430066,0.041638188,0.007299506
Test_1297,0.046069313,0.059501793,0.046544135,0.8478848
Test_1298,0.026854381,0.026412236,0.9166286,0.030104864
Test_1299,0.020486778,0.041022293,0.89439446,0.04409654
Test_1300,0.010668928,0.0052660513,0.9688644,0.015200669
Test_1301,0.059055723,0.21580599,0.35947108,0.3656672
Test_1302,0.026295792,0.003152107,0.016267745,0.95428437
Test_1303,0.015885735,0.0019510653,0.9606348,0.021528477
Test_1304,0.033601053,0.26963708,0.60143775,0.09532404
Test_1305,0.07157665,0.06836564,0.8385769,0.021480715
Test_1306,0.057873953,0.0053399205,0.021037458,0.9157487
Test_1307,0.021496885,0.1530552,0.79106236,0.034385487
Test_1308,0.02042179,0.007512756,0.020223327,0.9518422
Test_1309,0.5760117,0.30051368,0.09640233,0.027072292
Test_1310,0.11633467,0.37274697,0.30526885,0.20564951
Test_1311,0.9455135,0.009554398,0.024326636,0.020605464
Test_1312,0.105537064,0.16385856,0.6259908,0.10461356
Test_1313,0.03258689,0.13265061,0.8074419,0.027320588
Test_1314,0.074617445,0.009845196,0.9010721,0.014465251
Test_1315,0.9772825,0.009750845,0.010981921,0.001984877
Test_1316,0.9279329,0.02256515,0.02178031,0.027721748
Test_1317,0.011730713,0.10758432,0.25991508,0.62076986
Test_1318,0.07062529,0.050080832,0.012153567,0.86714035
Test_1319,0.018112233,0.014002885,0.87312245,0.0947624
Test_1320,0.037726764,0.013831544,0.037524674,0.910917
Test_1321,0.009305846,0.8238934,0.15480499,0.011995709
Test_1322,0.98827606,0.001816904,0.0039145956,0.0059924084
Test_1323,0.012658409,0.009193508,0.96187854,0.0162696
Test_1324,0.98932505,0.0044579064,0.004094802,0.0021222814
Test_1325,0.004327978,0.033481695,0.016590834,0.9455995
Test_1326,0.004736823,0.03305715,0.012504266,0.9497017
Test_1327,0.0022911974,0.10781243,0.835883,0.05401333
Test_1328,0.053173363,0.12600864,0.028684879,0.7921331
Test_1329,0.017045105,0.019695582,0.8871477,0.07611162
Test_1330,0.71905,0.028934663,0.24038161,0.0116337165
Test_1331,0.030685266,0.014565641,0.9370418,0.017707316
Test_1332,0.011507571,0.0047643883,0.004891683,0.97883636
Test_1333,0.04268664,0.12894098,0.009851045,0.81852126
Test_1334,0.0411998,0.015406519,0.0104858335,0.9329078
Test_1335,0.033346057,0.22097571,0.70811296,0.03756528
Test_1336,0.048769105,0.10777716,0.7952058,0.048248023
Test_1337,0.045535605,0.08666492,0.83642685,0.031372633
Test_1338,0.022512343,0.0055574416,0.94378984,0.028140454
Test_1339,0.81798065,0.079482734,0.043224566,0.059312213
Test_1340,0.03696526,0.76230425,0.01984413,0.1808864
Test_1341,0.01682008,0.0033691593,0.9581975,0.021613235
Test_1342,0.02500656,0.7726315,0.1796154,0.022746507
Test_1343,0.012091165,0.0016768032,0.007723232,0.9785088
Test_1344,0.022016872,0.027008586,0.92121714,0.029757423
Test_1345,0.100782156,0.22595465,0.51873285,0.15453035
Test_1346,0.11157235,0.07357398,0.10077261,0.71408105
Test_1347,0.02568385,0.009960197,0.011804947,0.952551
Test_1348,0.36760497,0.20289306,0.13441142,0.29509056
Test_1349,0.057922147,0.3618143,0.5218301,0.058433473
Test_1350,0.90108186,0.039246727,0.045374427,0.014296881
Test_1351,0.13503973,0.48487416,0.27352133,0.10656474
Test_1352,0.06367122,0.2467636,0.64886695,0.040698238
Test_1353,0.83379567,0.070718214,0.06408972,0.031396344
Test_1354,0.9118538,0.025842052,0.03966503,0.022639109
Test_1355,0.9075757,0.020586679,0.06285271,0.008984875
Test_1356,0.00680484,0.012601868,0.005553948,0.97503936
Test_1357,0.05003466,0.041825946,0.884723,0.023416448
Test_1358,0.017877327,0.01858948,0.012863987,0.95066917
Test_1359,0.8310074,0.03490803,0.026349964,0.10773451
Test_1360,0.006493359,0.0028898644,0.9404569,0.05015978
Test_1361,0.06268393,0.041094076,0.87499094,0.021231025
Test_1362,0.008079671,0.03901699,0.94673866,0.006164724
Test_1363,0.009650871,0.019141573,0.95273167,0.018475808
Test_1364,0.022212267,0.023935238,0.92531747,0.028535046
Test_1365,0.8404573,0.027449653,0.11746879,0.014624185
Test_1366,0.043932203,0.05694974,0.014991034,0.884127
Test_1367,0.045565613,0.024520867,0.872873,0.05704057
Test_1368,0.0035837786,0.29777542,0.5835856,0.11505519
Test_1369,0.9571059,0.015122882,0.010498356,0.01727298
Test_1370,0.016915655,0.006066907,0.9538116,0.023205787
Test_1371,0.0074961106,0.008919255,0.006570227,0.9770145
Test_1372,0.75982404,0.008828709,0.16456436,0.06678285
Test_1373,0.40528148,0.25510907,0.1423801,0.1972293
Test_1374,0.024769505,0.027470946,0.92946887,0.018290661
Test_1375,0.040064994,0.69304085,0.055218816,0.21167536
Test_1376,0.93071556,0.005995636,0.024948485,0.038340263
Test_1377,0.08719057,0.06681053,0.7674113,0.07858763
Test_1378,0.19595276,0.5152594,0.04834968,0.24043827
Test_1379,0.011969549,0.85651654,0.07870185,0.052812126
Test_1380,0.045019284,0.6229912,0.28494775,0.04704179
Test_1381,0.87581503,0.04060397,0.020738479,0.062842615
Test_1382,0.031167489,0.02781585,0.9117375,0.029279146
Test_1383,0.0043467917,0.0066151326,0.007265302,0.9817727
Test_1384,0.0038576217,0.01898788,0.0089517385,0.9682027
Test_1385,0.013636194,0.03423121,0.007298929,0.94483364
Test_1386,0.0152498875,0.01684715,0.8989544,0.06894859
Test_1387,0.013167721,0.06997784,0.024745109,0.8921094
Test_1388,0.02089931,0.058642197,0.8714731,0.048985425
Test_1389,0.00993442,0.11358244,0.82544893,0.05103417
Test_1390,0.012813795,0.14123493,0.8401898,0.005761547
Test_1391,0.0116031375,0.025448987,0.94915533,0.013792531
Test_1392,0.2013239,0.13193478,0.6105072,0.056234162
Test_1393,0.21484321,0.1081124,0.6378313,0.039213117
Test_1394,0.02706045,0.15940525,0.0962896,0.7172446
Test_1395,0.049045667,0.60928315,0.3092223,0.032448877
Test_1396,0.09209354,0.3486197,0.3464138,0.21287294
Test_1397,0.014755214,0.08920284,0.86682636,0.029215574
Test_1398,0.031812955,0.021912796,0.918655,0.027619334
Test_1399,0.03223889,0.07063143,0.8570077,0.040121946
Test_1400,0.034672916,0.005810007,0.018018838,0.9414982
Test_1401,0.0027971664,0.0065131397,0.0025793877,0.9881103
Test_1402,0.9773851,0.006320922,0.004157524,0.012136396
Test_1403,0.030044368,0.10326456,0.81442297,0.052268088
Test_1404,0.08145247,0.037264355,0.81265986,0.06862336
Test_1405,0.02713862,0.2801795,0.65271044,0.039971426
Test_1406,0.020370016,0.010614369,0.9526798,0.01633583
Test_1407,0.02082556,0.06149994,0.039040476,0.87863404
Test_1408,0.94466776,0.01567709,0.018947152,0.020708013
Test_1409,0.2092286,0.46430728,0.019762937,0.3067011
Test_1410,0.03882519,0.055941343,0.872936,0.032297418
Test_1411,0.008418562,0.012868151,0.024480456,0.9542328
Test_1412,0.011517091,0.014838869,0.008714806,0.96492916
Test_1413,0.025260106,0.040682126,0.008136936,0.9259209
Test_1414,0.07598162,0.1066033,0.68888974,0.12852535
Test_1415,0.20976569,0.43633616,0.009064716,0.3448334
Test_1416,0.94517714,0.04237618,0.007104635,0.005341952
Test_1417,0.01219358,0.0052546463,0.011053698,0.9714981
Test_1418,0.30830097,0.5960092,0.024576226,0.07111367
Test_1419,0.03267372,0.03219859,0.88267565,0.052452013
Test_1420,0.16730417,0.08854059,0.070720084,0.67343515
Test_1421,0.007363851,0.0374424,0.0028865433,0.9523073
Test_1422,0.0118332105,0.107076846,0.8626185,0.01847138
Test_1423,0.07449848,0.038386,0.8408075,0.046308007
Test_1424,0.6813925,0.056205876,0.19107272,0.07132897
Test_1425,0.021833612,0.011944861,0.95121735,0.015004175
Test_1426,0.004329625,0.0054838588,0.9441136,0.046072993
Test_1427,0.091001004,0.108489335,0.087173626,0.71333605
Test_1428,0.44697273,0.44523016,0.0068268063,0.10097032
Test_1429,0.8960028,0.042297203,0.055802606,0.0058973674
Test_1430,0.9248126,0.024960296,0.034283675,0.01594339
Test_1431,0.9185036,0.019025737,0.04916262,0.013308072
Test_1432,0.008985509,0.0076110233,0.9633511,0.020052375
Test_1433,0.09806486,0.10078332,0.73601764,0.065134175
Test_1434,0.005710588,0.009771123,0.9745447,0.009973576
Test_1435,0.0059057055,0.015169371,0.00874513,0.9701798
Test_1436,0.03388876,0.8691087,0.06985852,0.027144097
Test_1437,0.0874712,0.08557019,0.7740275,0.05293106
Test_1438,0.07509621,0.04135075,0.83829314,0.04525995
Test_1439,0.90411305,0.057201404,0.008846317,0.02983916
Test_1440,0.036122352,0.5508823,0.3064625,0.106533
Test_1441,0.006116812,0.0037906042,0.9796672,0.01042539
Test_1442,0.31538182,0.06335815,0.3013806,0.31987944
Test_1443,0.97762376,0.008078664,0.0018399424,0.012457613
Test_1444,0.030680798,0.023789456,0.9160962,0.029433489
Test_1445,0.030505626,0.039074484,0.02399095,0.90642893
Test_1446,0.9362662,0.036014404,0.01594501,0.011774348
Test_1447,0.052272215,0.03893086,0.00834164,0.9004553
Test_1448,0.9001305,0.032500345,0.059952673,0.0074165324
Test_1449,0.33317244,0.21574342,0.3590161,0.092067994
Test_1450,0.69927603,0.18197225,0.07215419,0.046597622
Test_1451,0.024528284,0.08161192,0.012154244,0.8817055
Test_1452,0.04236834,0.008058548,0.016310541,0.9332625
Test_1453,0.010990379,0.0024510878,0.9821029,0.004455718
Test_1454,0.97349066,0.003959055,0.008664278,0.013886098
Test_1455,0.057819344,0.09302881,0.026849132,0.82230264
Test_1456,0.039981693,0.035456423,0.8862991,0.038262732
Test_1457,0.01776993,0.04359615,0.92216724,0.01646663
Test_1458,0.007946815,0.0074072466,0.026726669,0.95791924
Test_1459,0.11673003,0.40297619,0.22119041,0.25910336
Test_1460,0.04705573,0.030027507,0.86730886,0.055607878
Test_1461,0.01269534,0.01364674,0.9437193,0.029938499
Test_1462,0.02787493,0.44117716,0.45875165,0.07219624
Test_1463,0.035132732,0.34382716,0.6147365,0.0063035665
Test_1464,0.065862946,0.2580875,0.60655224,0.069497235
Test_1465,0.007465427,0.044890575,0.93665385,0.010990171
Test_1466,0.84589434,0.09088177,0.03887364,0.024350269
Test_1467,0.4600765,0.08564754,0.27122545,0.18305048
Test_1468,0.03204054,0.039719637,0.020686926,0.90755296
Test_1469,0.97927815,0.001555043,0.012783978,0.0063828365
Test_1470,0.008219382,0.0028600264,0.0077743577,0.9811462
Test_1471,0.02141652,0.25436544,0.6559192,0.06829876
Test_1472,0.083332285,0.5230882,0.28803167,0.10554783
Test_1473,0.95938396,0.0318805,0.0056217494,0.003113734
Test_1474,0.008364359,0.070273705,0.8416025,0.07975944
Test_1475,0.014572243,0.059873562,0.89192,0.03363423
Test_1476,0.0082343435,0.01111303,0.020489953,0.96016264
Test_1477,0.001816635,0.013761684,0.017294765,0.96712685
Test_1478,0.029767727,0.20512111,0.70278144,0.062329732
Test_1479,0.048727665,0.3350318,0.04031783,0.5759227
Test_1480,0.009823457,0.006758153,0.95520073,0.028217683
Test_1481,0.21232325,0.1598792,0.07881813,0.54897946
Test_1482,0.028199712,0.051917884,0.041757952,0.8781245
Test_1483,0.030458579,0.15200472,0.04869644,0.7688403
Test_1484,0.8398859,0.10203908,0.036884,0.021191042
Test_1485,0.82899624,0.019629855,0.06730465,0.0840693
Test_1486,0.005024816,0.0009322246,0.9716904,0.022352597
Test_1487,0.12453675,0.030999647,0.7673632,0.07710042
Test_1488,0.025311403,0.7246923,0.22074902,0.029247269
Test_1489,0.010995795,0.06407704,0.90035254,0.02457457
Test_1490,0.09808073,0.52841026,0.024762392,0.34874663
Test_1491,0.03707155,0.12926613,0.74460196,0.08906039
Test_1492,0.018542616,0.0043737185,0.93528193,0.041801732
Test_1493,0.89474183,0.030800533,0.048260495,0.02619717
Test_1494,0.98366195,0.0045508123,0.008363841,0.003423412
Test_1495,0.46294883,0.4141749,0.043568537,0.07930763
Test_1496,0.02730818,0.008235515,0.01069926,0.95375705
Test_1497,0.030486453,0.012640569,0.9314254,0.025447523
Test_1498,0.011279756,0.016508395,0.014625627,0.9575863
Test_1499,0.0056975633,0.0019902908,0.98666984,0.005642194
Test_1500,0.14500716,0.5042285,0.04568008,0.3050843
Test_1501,0.048421636,0.54903895,0.036622025,0.3659174
Test_1502,0.2095753,0.24472688,0.031014942,0.51468295
Test_1503,0.9853532,0.0023742458,0.00800261,0.0042699147
Test_1504,0.15728974,0.46211687,0.30306363,0.077529736
Test_1505,0.017224103,0.60421306,0.3593855,0.019177381
Test_1506,0.51249045,0.4383563,0.03467166,0.014481556
Test_1507,0.83245546,0.13030626,0.010216347,0.027021836
Test_1508,0.050347287,0.019175103,0.87944967,0.051027898
Test_1509,0.045783713,0.039429504,0.011219782,0.903567
Test_1510,0.06794707,0.34237838,0.5169912,0.07268331
Test_1511,0.049012557,0.028883427,0.028380144,0.89372385
Test_1512,0.007329439,0.071887486,0.9026867,0.018096302
Test_1513,0.034824956,0.01286506,0.9378384,0.014471641
Test_1514,0.041150786,0.011325784,0.91032404,0.037199333
Test_1515,0.026210418,0.016713316,0.9373542,0.019721968
Test_1516,0.022864467,0.015216151,0.01268257,0.9492368
Test_1517,0.07796349,0.01571598,0.85138595,0.054934576
Test_1518,0.049622625,0.23662074,0.035394493,0.67836213
Test_1519,0.010108718,0.0056318464,0.018448088,0.9658114
Test_1520,0.010012265,0.012159938,0.0090100635,0.9688177
Test_1521,0.9584994,0.008870683,0.0070930747,0.025536906
Test_1522,0.044594835,0.12427793,0.80487293,0.02625438
Test_1523,0.017768387,0.020712579,0.016643023,0.94487596
Test_1524,0.9801466,0.0069788066,0.0049318294,0.007942853
Test_1525,0.97280836,0.008355023,0.010566897,0.00826979
Test_1526,0.018961273,0.035911966,0.018040044,0.9270867
Test_1527,0.084893666,0.23890539,0.616354,0.059846938
Test_1528,0.012601231,0.0038431585,0.0114176655,0.97213787
Test_1529,0.024204165,0.01586573,0.93024737,0.029682726
Test_1530,0.8746448,0.015167127,0.08143413,0.028754054
Test_1531,0.085088044,0.116039224,0.7138263,0.08504651
Test_1532,0.77553236,0.06406495,0.06397117,0.0964315
Test_1533,0.4047594,0.10124574,0.41760784,0.07638699
Test_1534,0.11860762,0.3451351,0.40925816,0.12699912
Test_1535,0.16174796,0.27130502,0.47778538,0.08916162
Test_1536,0.05698576,0.843015,0.080076374,0.019922856
Test_1537,0.0054037557,0.0069521246,0.01837015,0.969274
Test_1538,0.020212075,0.013622854,0.9457547,0.020410424
Test_1539,0.100145526,0.045089558,0.83350766,0.02125724
Test_1540,0.020521455,0.023459135,0.015280063,0.9407394
Test_1541,0.014981039,0.004598053,0.004818718,0.97560215
Test_1542,0.19493222,0.06081625,0.10680752,0.63744396
Test_1543,0.024711115,0.0390282,0.8917543,0.04450636
Test_1544,0.36396813,0.302035,0.18022129,0.15377554
Test_1545,0.022436151,0.0111175515,0.005892966,0.9605533
Test_1546,0.8002195,0.044783037,0.13737014,0.017627433
Test_1547,0.9839204,0.002309099,0.0080831945,0.0056872377
Test_1548,0.20605339,0.076584086,0.01688089,0.70048165
Test_1549,0.027407885,0.11102513,0.017218545,0.8443484
Test_1550,0.0028570355,0.0035905314,0.0047799638,0.98877245
Test_1551,0.03687229,0.0077761686,0.034335203,0.9210164
Test_1552,0.08401264,0.06855238,0.03422711,0.8132079
Test_1553,0.008800996,0.02909789,0.006476785,0.95562434
Test_1554,0.039784543,0.115514554,0.8156508,0.029050201
Test_1555,0.34625533,0.41018572,0.073650055,0.1699089
Test_1556,0.029767383,0.010570895,0.9395576,0.020104159
Test_1557,0.39106828,0.02323454,0.03096165,0.55473554
Test_1558,0.018273562,0.011890833,0.90399384,0.06584179
Test_1559,0.07464703,0.051593002,0.8472281,0.026531879
Test_1560,0.78583974,0.0125661995,0.18720093,0.014393157
Test_1561,0.061007727,0.18527485,0.0094016325,0.7443158
Test_1562,0.14250377,0.013241978,0.8136709,0.030583436
Test_1563,0.008413828,0.010057749,0.9578966,0.023631755
Test_1564,0.40173736,0.18191911,0.37629327,0.04005023
Test_1565,0.035198934,0.05878903,0.86158156,0.04443049
Test_1566,0.016439402,0.01678002,0.011331776,0.95544875
Test_1567,0.011467217,0.0054485616,0.95467144,0.028412832
Test_1568,0.02851337,0.05178885,0.8963861,0.023311742
Test_1569,0.05955048,0.1419156,0.750332,0.048201904
Test_1570,0.02139019,0.020015882,0.004479251,0.95411474
Test_1571,0.10636689,0.103289574,0.72188973,0.068453826
Test_1572,0.1623548,0.090275854,0.73836076,0.0090086255
Test_1573,0.011128813,0.018420124,0.9615263,0.008924804
Test_1574,0.11816184,0.31383327,0.50113696,0.06686792
Test_1575,0.045464274,0.47793075,0.42197838,0.05462658
Test_1576,0.8820173,0.045796327,0.034772027,0.03741439
Test_1577,0.022598399,0.045499813,0.9111035,0.020798301
Test_1578,0.008668442,0.092514455,0.8885331,0.010283981
Test_1579,0.83482337,0.084237576,0.052106746,0.028832333
Test_1580,0.9356706,0.02733206,0.02991597,0.00708142
Test_1581,0.050195884,0.08891763,0.030744119,0.8301423
Test_1582,0.008569471,0.025298003,0.947911,0.018221468
Test_1583,0.021605471,0.008862539,0.9613675,0.008164554
Test_1584,0.31373295,0.06383215,0.10844968,0.5139852
Test_1585,0.018545847,0.097648926,0.8208045,0.06300072
Test_1586,0.009497353,0.027609276,0.9518762,0.011017122
Test_1587,0.09088372,0.064367585,0.78434914,0.060399506
Test_1588,0.54285246,0.04033535,0.36947086,0.047341365
Test_1589,0.017815761,0.022943007,0.9345307,0.02471059
Test_1590,0.012622288,0.8961963,0.042700652,0.048480775
Test_1591,0.6609433,0.30083403,0.023448369,0.014774267
Test_1592,0.92627853,0.0018593696,0.021175709,0.05068639
Test_1593,0.008761581,0.004717296,0.004977594,0.98154354
Test_1594,0.36566183,0.045323167,0.04965638,0.5393587
Test_1595,0.03202735,0.26581517,0.65405524,0.04810223
Test_1596,0.85545266,0.041502424,0.09581524,0.0072296695
Test_1597,0.0052300524,0.0048417337,0.9773942,0.012533998
Test_1598,0.01560577,0.51477736,0.013772044,0.45584485
Test_1599,0.123732746,0.083415724,0.762037,0.030814558
Test_1600,0.968093,0.0019874482,0.014271823,0.015647765
Test_1601,0.0048325798,0.055814613,0.032703754,0.90664905
Test_1602,0.8849594,0.058978196,0.047529347,0.0085329935
Test_1603,0.01338241,0.007874799,0.96324545,0.015497358
Test_1604,0.02857222,0.010222619,0.9512777,0.009927474
Test_1605,0.1046408,0.057450525,0.06772632,0.7701823
Test_1606,0.16423711,0.24657921,0.35793948,0.23124419
Test_1607,0.72427326,0.07818631,0.06359606,0.13394439
Test_1608,0.050221562,0.30022445,0.6260271,0.02352688
Test_1609,0.06669309,0.21416084,0.669396,0.049750004
Test_1610,0.98382217,0.0044374415,0.0074896,0.0042508086
Test_1611,0.026207626,0.055676598,0.016106678,0.9020091
Test_1612,0.031403057,0.17691423,0.75786024,0.033822425
Test_1613,0.050036263,0.8413549,0.0056524207,0.1029564
Test_1614,0.047274794,0.26425764,0.4695974,0.21887013
Test_1615,0.052636817,0.026101682,0.03293124,0.8883302
Test_1616,0.01972245,0.0346013,0.9309911,0.0146851335
Test_1617,0.17746079,0.054287903,0.671449,0.09680227
Test_1618,0.37242326,0.0530017,0.031112485,0.5434625
Test_1619,0.011747079,0.006473904,0.005359199,0.9764198
Test_1620,0.010660621,0.05038317,0.9041419,0.034814302
Test_1621,0.042931695,0.012940885,0.009016565,0.9351108
Test_1622,0.76131546,0.06486312,0.024930764,0.1488906
Test_1623,0.090162665,0.5816525,0.031250805,0.296934
Test_1624,0.80206895,0.12765151,0.06159275,0.008686795
Test_1625,0.48095497,0.14085716,0.17419034,0.20399748
Test_1626,0.023404855,0.41567203,0.54002494,0.020898182
Test_1627,0.045002036,0.6261063,0.28042254,0.0484691
Test_1628,0.1212621,0.09286146,0.68649364,0.09938287
Test_1629,0.104420446,0.011579159,0.049735863,0.8342645
Test_1630,0.0047624297,0.003276365,0.013527213,0.978434
Test_1631,0.022610797,0.012867527,0.9472234,0.01729825
Test_1632,0.035722494,0.0058903825,0.935147,0.023240106
Test_1633,0.012365874,0.006275906,0.96664107,0.014717139
Test_1634,0.014872346,0.79241836,0.17785148,0.0148578305
Test_1635,0.016399546,0.07301923,0.88581795,0.024763307
Test_1636,0.10226074,0.6322615,0.17327319,0.092204615
Test_1637,0.2639898,0.018408721,0.7044067,0.01319472
Test_1638,0.8306763,0.019195236,0.101018794,0.04910958
Test_1639,0.012533149,0.02756269,0.007078684,0.9528255
Test_1640,0.86288244,0.0053771227,0.058519527,0.073220946
Test_1641,0.018795896,0.017264938,0.014376174,0.949563
Test_1642,0.9333684,0.03321038,0.017672382,0.015748871
Test_1643,0.026138332,0.27841854,0.6823959,0.013047267
Test_1644,0.027896501,0.26197454,0.6712659,0.038863063
Test_1645,0.015609716,0.006475402,0.97141415,0.006500746
Test_1646,0.08004351,0.022596607,0.83397067,0.06338923
Test_1647,0.010808886,0.016594635,0.9523039,0.020292502
Test_1648,0.015987966,0.038175642,0.9273983,0.018438013
Test_1649,0.012325501,0.023481235,0.95179534,0.012397933
Test_1650,0.017159022,0.16796811,0.78429854,0.030574333
Test_1651,0.015715135,0.05648195,0.22132756,0.7064754
Test_1652,0.012232771,0.015186808,0.95670354,0.01587683
Test_1653,0.24249935,0.101187535,0.3275957,0.32871735
Test_1654,0.07564149,0.06389511,0.64910996,0.21135344
Test_1655,0.0133200465,0.0036113958,0.0068331766,0.9762354
Test_1656,0.16589311,0.15629938,0.6448448,0.032962706
Test_1657,0.649624,0.111314066,0.13154083,0.10752116
Test_1658,0.06282212,0.3748178,0.5043725,0.057987593
Test_1659,0.01219144,0.08658991,0.8904702,0.010748406
Test_1660,0.011221584,0.03711897,0.028321475,0.923338
Test_1661,0.04781302,0.018209908,0.7323817,0.20159541
Test_1662,0.91712224,0.039972197,0.027385408,0.01552015
Test_1663,0.05946992,0.0229557,0.8563738,0.061200608
Test_1664,0.21927123,0.11673517,0.06622204,0.5977715
Test_1665,0.07251121,0.5991773,0.26305848,0.06525303
Test_1666,0.16059497,0.44136482,0.31205896,0.08598128
Test_1667,0.8177688,0.014817923,0.15002154,0.017391711
Test_1668,0.0043255556,0.0016210843,0.008452501,0.9856009
Test_1669,0.071289696,0.64635026,0.21833147,0.0640286
Test_1670,0.09198493,0.017782638,0.032579765,0.85765266
Test_1671,0.008855448,0.009927321,0.95966065,0.021556582
Test_1672,0.01975182,0.49325144,0.0154128065,0.47158396
Test_1673,0.019607607,0.23476468,0.08091491,0.66471285
Test_1674,0.02470306,0.025412658,0.02742402,0.92246026
Test_1675,0.95855796,0.0042940355,0.027006947,0.010141156
Test_1676,0.30834612,0.1684346,0.025982076,0.49723718
Test_1677,0.1254962,0.24558967,0.13534635,0.4935678
Test_1678,0.044510104,0.028802855,0.91236573,0.014321244
Test_1679,0.009750978,0.09662375,0.005523481,0.88810176
Test_1680,0.007380398,0.014005534,0.0024866513,0.97612745
Test_1681,0.030009884,0.5058468,0.06690573,0.3972376
Test_1682,0.19777937,0.50690025,0.2317503,0.063570045
Test_1683,0.04362661,0.07790825,0.72432315,0.15414202
Test_1684,0.9209083,0.024565352,0.03445713,0.020069245
Test_1685,0.66182,0.25891945,0.06345094,0.01580962
Test_1686,0.5486836,0.03199965,0.246708,0.17260881
Test_1687,0.053587656,0.633364,0.26779065,0.045257732
Test_1688,0.012857006,0.0049877726,0.9720919,0.010063286
Test_1689,0.8885288,0.03176968,0.052341,0.027360445
Test_1690,0.421566,0.26214,0.06493397,0.2513601
Test_1691,0.031870063,0.025421442,0.0072266855,0.93548185
Test_1692,0.0050308197,0.017751096,0.97285146,0.0043665855
Test_1693,0.14874287,0.059557118,0.04966474,0.74203527
Test_1694,0.07520029,0.22665446,0.62124616,0.07689909
Test_1695,0.015447126,0.0071765687,0.95567983,0.021696365
Test_1696,0.052970365,0.028673206,0.0787644,0.8395921
Test_1697,0.011814868,0.0032252772,0.9802579,0.004701925
Test_1698,0.24340786,0.03792489,0.61687726,0.10179004
Test_1699,0.0056376928,0.0193535,0.008194787,0.966814
Test_1700,0.8984764,0.021462891,0.052662756,0.027397893
Test_1701,0.03197763,0.033990186,0.9073204,0.026711788
Test_1702,0.055504095,0.14555706,0.76192003,0.03701886
Test_1703,0.34904283,0.1439832,0.09348602,0.4134879
Test_1704,0.94890106,0.0147643965,0.024070527,0.012264044
Test_1705,0.01335112,0.06502625,0.91715413,0.004468518
Test_1706,0.072275,0.028241174,0.032856453,0.8666274
Test_1707,0.076676644,0.022464493,0.71054876,0.19031008
Test_1708,0.023841836,0.0872524,0.6047652,0.2841406
Test_1709,0.018204771,0.1189421,0.82320654,0.039646555
Test_1710,0.01723438,0.016056366,0.94788235,0.018826868
Test_1711,0.058288615,0.097044766,0.24171759,0.60294896
Test_1712,0.020754285,0.02913634,0.9445852,0.0055242325
Test_1713,0.007812671,0.0043103555,0.9773536,0.01052337
Test_1714,0.27029786,0.4770006,0.03926947,0.21343204
Test_1715,0.020874573,0.009976681,0.03530139,0.93384737
Test_1716,0.92524266,0.0052909274,0.0183772,0.051089127
Test_1717,0.0065680514,0.0075156144,0.0054027317,0.98051363
Test_1718,0.9250629,0.01166759,0.03294702,0.030322589
Test_1719,0.030482078,0.029257128,0.9026388,0.037621964
Test_1720,0.0039390973,0.017589279,0.9657498,0.012721772
Test_1721,0.07341064,0.095512055,0.8200776,0.010999783
Test_1722,0.0036124613,0.0081427945,0.9793885,0.008856201
Test_1723,0.018082678,0.009655358,0.9011267,0.071135275
Test_1724,0.13829628,0.25811926,0.5665439,0.03704063
Test_1725,0.013356873,0.059308562,0.9084661,0.018868426
Test_1726,0.026822168,0.06895842,0.025481666,0.87873775
Test_1727,0.98928845,0.002077095,0.007298612,0.001335845
Test_1728,0.14722085,0.68099165,0.122696914,0.049090583
Test_1729,0.008281179,0.09257766,0.88783866,0.011302461
Test_1730,0.9274499,0.045556348,0.011129366,0.015864428
Test_1731,0.07529678,0.49243727,0.37134835,0.06091767
Test_1732,0.00576583,0.0053481665,0.9593029,0.02958309
Test_1733,0.21245225,0.451081,0.13418838,0.2022784
Test_1734,0.024005804,0.09050853,0.7773065,0.108179174
Test_1735,0.019811854,0.054097988,0.89675295,0.029337263
Test_1736,0.019482588,0.03123968,0.9156359,0.033641838
Test_1737,0.012806416,0.088439554,0.015736785,0.88301724
Test_1738,0.015161687,0.0035906814,0.004907879,0.9763398
Test_1739,0.08117214,0.047648787,0.82704663,0.044132523
Test_1740,0.027765295,0.07503754,0.8688289,0.028368268
Test_1741,0.013093471,0.017160691,0.011521144,0.9582248
Test_1742,0.01993537,0.13676673,0.68982697,0.15347092
Test_1743,0.020449325,0.042703375,0.88841075,0.04843654
Test_1744,0.06371554,0.101742595,0.77356565,0.06097617
Test_1745,0.013359903,0.009976833,0.9499583,0.026704893
Test_1746,0.04389546,0.21621932,0.59249943,0.14738578
Test_1747,0.038650528,0.018726712,0.0144003965,0.92822236
Test_1748,0.033777464,0.30201226,0.5987199,0.06549038
Test_1749,0.033851694,0.2661342,0.5867085,0.11330558
Test_1750,0.17278774,0.005446824,0.035189766,0.7865757
Test_1751,0.027373005,0.0028928518,0.004095542,0.96563864
Test_1752,0.8485886,0.031596527,0.025600143,0.094214715
Test_1753,0.97830874,0.006237937,0.0075871064,0.007866263
Test_1754,0.95332026,0.0025007522,0.022723025,0.021456027
Test_1755,0.07145557,0.36626354,0.4809744,0.08130652
Test_1756,0.14025034,0.39749286,0.08646903,0.3757878
Test_1757,0.027927926,0.016749974,0.026402924,0.92891914
Test_1758,0.97895014,0.00905995,0.006966885,0.005022962
Test_1759,0.026070688,0.088196,0.03494517,0.8507882
Test_1760,0.027459178,0.18294486,0.7560671,0.03352889
Test_1761,0.90965,0.02118502,0.026390944,0.042774025
Test_1762,0.28152758,0.35380504,0.011207662,0.3534597
Test_1763,0.0020779355,0.0076007717,0.98007077,0.010250455
Test_1764,0.018865392,0.013351463,0.94704324,0.020739824
Test_1765,0.612345,0.034613676,0.043627787,0.30941352
Test_1766,0.5006129,0.37567475,0.038172014,0.085540295
Test_1767,0.009828053,0.0036581575,0.970697,0.015816774
Test_1768,0.06826959,0.03439522,0.8677858,0.02954936
Test_1769,0.90032357,0.018804608,0.05011703,0.030754775
Test_1770,0.0041996576,0.012229495,0.0020487492,0.9815221
Test_1771,0.2775651,0.5686929,0.056888577,0.09685345
Test_1772,0.023362247,0.09702314,0.80761874,0.07199594
Test_1773,0.010304908,0.029042292,0.01934634,0.9413065
Test_1774,0.9652033,0.00810163,0.018553874,0.008141286
Test_1775,0.013377606,0.009579235,0.94843435,0.028608788
Test_1776,0.057187997,0.060167078,0.045549743,0.8370952
Test_1777,0.059356738,0.02399254,0.85531807,0.06133257
Test_1778,0.9652263,0.0103927925,0.013916912,0.010464081
Test_1779,0.053709734,0.5353446,0.38748163,0.023464046
Test_1780,0.03456543,0.20076427,0.6929106,0.07175969
Test_1781,0.016657742,0.051009692,0.8627636,0.069568954
Test_1782,0.04059762,0.040657137,0.82624644,0.09249882
Test_1783,0.09330415,0.28857908,0.30416372,0.31395304
Test_1784,0.023323884,0.0076763933,0.9417314,0.027268384
Test_1785,0.035677955,0.02549166,0.0071552303,0.93167514
Test_1786,0.6355277,0.1381827,0.10803799,0.11825165
Test_1787,0.02015335,0.019976996,0.02328715,0.9365825
Test_1788,0.7180635,0.080958836,0.05115992,0.1498177
Test_1789,0.8449968,0.009442231,0.04674941,0.09881157
Test_1790,0.76296306,0.044453166,0.03124618,0.16133754
Test_1791,0.9510488,0.0073040193,0.033894762,0.0077523426
Test_1792,0.055849347,0.032976735,0.8809128,0.030261155
Test_1793,0.039421115,0.13897741,0.79547566,0.026125835
Test_1794,0.025462262,0.060842663,0.90285033,0.010844758
Test_1795,0.74207264,0.096708804,0.036355074,0.12486342
Test_1796,0.058046337,0.14953046,0.75459635,0.03782684
Test_1797,0.06046657,0.05483829,0.78276765,0.10192749
Test_1798,0.8989294,0.06428106,0.019918207,0.016871378
Test_1799,0.024777422,0.029960332,0.018216278,0.92704594
Test_1800,0.96492743,0.00462839,0.011081267,0.01936295
Test_1801,0.03088284,0.95605725,0.008401773,0.00465806
Test_1802,0.011696256,0.0076425527,0.9692331,0.011428103
Test_1803,0.062474597,0.16532356,0.69654816,0.075653695
Test_1804,0.059591718,0.02388986,0.8384539,0.07806456
Test_1805,0.6997798,0.014424524,0.23371118,0.052084394
Test_1806,0.030396564,0.00826948,0.01387585,0.9474581
Test_1807,0.8490527,0.07765497,0.012206075,0.06108616
Test_1808,0.08672176,0.0120559735,0.018062847,0.88315934
Test_1809,0.978445,0.011335697,0.0042690625,0.005950204
Test_1810,0.11690291,0.23505746,0.46066985,0.18736985
Test_1811,0.72907335,0.10700002,0.004238941,0.15968764
Test_1812,0.016382333,0.021618452,0.93737036,0.024628846
Test_1813,0.022569295,0.022251962,0.020024598,0.9351542
Test_1814,0.18395959,0.21901815,0.5416121,0.055410266
Test_1815,0.013105781,0.021309167,0.92283267,0.04275245
Test_1816,0.026439963,0.0123679815,0.94671834,0.014473763
Test_1817,0.07446373,0.25400728,0.020677833,0.65085113
Test_1818,0.018056672,0.0050782184,0.9602062,0.016658971
Test_1819,0.9345847,0.009471672,0.0127206575,0.043222956
Test_1820,0.01207293,0.2737074,0.010489144,0.7037305
